vial,cage,sex,cagediet,assaydiet,idmix,lifespan
97,1a,M,1,1,1M1,8
97,1a,M,1,1,1M1,24.5
97,1a,M,1,1,1M1,24.5
97,1a,M,1,1,1M1,27
97,1a,M,1,1,1M1,34
97,1a,M,1,1,1M1,36
97,1a,M,1,1,1M1,36
97,1a,M,1,1,1M1,36
97,1a,M,1,1,1M1,36
97,1a,M,1,1,1M1,36
97,1a,M,1,1,1M1,38.5
97,1a,M,1,1,1M1,38.5
97,1a,M,1,1,1M1,38.5
97,1a,M,1,1,1M1,38.5
97,1a,M,1,1,1M1,38.5
97,1a,M,1,1,1M1,38.5
97,1a,M,1,1,1M1,38.5
97,1a,M,1,1,1M1,38.5
97,1a,M,1,1,1M1,38.5
97,1a,M,1,1,1M1,41
97,1a,M,1,1,1M1,41
97,1a,M,1,1,1M1,43
97,1a,M,1,1,1M1,45.5
97,1a,M,1,1,1M1,45.5
97,1a,M,1,1,1M1,45.5
97,1a,M,1,1,1M1,45.5
97,1a,M,1,1,1M1,45.5
97,1a,M,1,1,1M1,45.5
97,1a,M,1,1,1M1,48
97,1a,M,1,1,1M1,50
97,1a,M,1,1,1M1,50
97,1a,M,1,1,1M1,52.5
97,1a,M,1,1,1M1,55
97,1a,M,1,1,1M1,55
97,1a,M,1,1,1M1,57
97,1a,M,1,1,1M1,57
97,1a,M,1,1,1M1,62
97,1a,M,1,1,1M1,64
97,1a,M,1,1,1M1,66.5
97,1a,M,1,1,1M1,76
98,1a,M,1,1,1M1,10.5
98,1a,M,1,1,1M1,10.5
98,1a,M,1,1,1M1,34
98,1a,M,1,1,1M1,34
98,1a,M,1,1,1M1,34
98,1a,M,1,1,1M1,34
98,1a,M,1,1,1M1,34
98,1a,M,1,1,1M1,36
98,1a,M,1,1,1M1,36
98,1a,M,1,1,1M1,36
98,1a,M,1,1,1M1,36
98,1a,M,1,1,1M1,36
98,1a,M,1,1,1M1,36
98,1a,M,1,1,1M1,38.5
98,1a,M,1,1,1M1,38.5
98,1a,M,1,1,1M1,38.5
98,1a,M,1,1,1M1,43
98,1a,M,1,1,1M1,43
98,1a,M,1,1,1M1,43
98,1a,M,1,1,1M1,43
98,1a,M,1,1,1M1,45.5
98,1a,M,1,1,1M1,45.5
98,1a,M,1,1,1M1,45.5
98,1a,M,1,1,1M1,45.5
98,1a,M,1,1,1M1,45.5
98,1a,M,1,1,1M1,48
98,1a,M,1,1,1M1,48
98,1a,M,1,1,1M1,50
98,1a,M,1,1,1M1,50
98,1a,M,1,1,1M1,52.5
98,1a,M,1,1,1M1,52.5
98,1a,M,1,1,1M1,52.5
98,1a,M,1,1,1M1,52.5
98,1a,M,1,1,1M1,52.5
98,1a,M,1,1,1M1,52.5
98,1a,M,1,1,1M1,57
98,1a,M,1,1,1M1,66.5
98,1a,M,1,1,1M1,66.5
98,1a,M,1,1,1M1,66.5
99,1a,M,1,1,1M1,8
99,1a,M,1,1,1M1,24.5
99,1a,M,1,1,1M1,34
99,1a,M,1,1,1M1,36
99,1a,M,1,1,1M1,36
99,1a,M,1,1,1M1,36
99,1a,M,1,1,1M1,36
99,1a,M,1,1,1M1,36
99,1a,M,1,1,1M1,36
99,1a,M,1,1,1M1,36
99,1a,M,1,1,1M1,38.5
99,1a,M,1,1,1M1,38.5
99,1a,M,1,1,1M1,38.5
99,1a,M,1,1,1M1,38.5
99,1a,M,1,1,1M1,41
99,1a,M,1,1,1M1,41
99,1a,M,1,1,1M1,43
99,1a,M,1,1,1M1,43
99,1a,M,1,1,1M1,45.5
99,1a,M,1,1,1M1,45.5
99,1a,M,1,1,1M1,45.5
99,1a,M,1,1,1M1,45.5
99,1a,M,1,1,1M1,45.5
99,1a,M,1,1,1M1,48
99,1a,M,1,1,1M1,48
99,1a,M,1,1,1M1,48
99,1a,M,1,1,1M1,48
99,1a,M,1,1,1M1,48
99,1a,M,1,1,1M1,48
99,1a,M,1,1,1M1,48
99,1a,M,1,1,1M1,48
99,1a,M,1,1,1M1,50
99,1a,M,1,1,1M1,50
99,1a,M,1,1,1M1,52.5
99,1a,M,1,1,1M1,52.5
99,1a,M,1,1,1M1,59.5
99,1a,M,1,1,1M1,62
99,1a,M,1,1,1M1,66.5
99,1a,M,1,1,1M1,66.5
99,1a,M,1,1,1M1,80.5
121,1a,M,1,3,1M3,1
121,1a,M,1,3,1M3,8
121,1a,M,1,3,1M3,24.5
121,1a,M,1,3,1M3,27
121,1a,M,1,3,1M3,27
121,1a,M,1,3,1M3,31.5
121,1a,M,1,3,1M3,31.5
121,1a,M,1,3,1M3,31.5
121,1a,M,1,3,1M3,31.5
121,1a,M,1,3,1M3,31.5
121,1a,M,1,3,1M3,36
121,1a,M,1,3,1M3,36
121,1a,M,1,3,1M3,36
121,1a,M,1,3,1M3,36
121,1a,M,1,3,1M3,36
121,1a,M,1,3,1M3,36
121,1a,M,1,3,1M3,36
121,1a,M,1,3,1M3,38.5
121,1a,M,1,3,1M3,41
121,1a,M,1,3,1M3,41
121,1a,M,1,3,1M3,41
121,1a,M,1,3,1M3,41
121,1a,M,1,3,1M3,43
121,1a,M,1,3,1M3,43
121,1a,M,1,3,1M3,43
121,1a,M,1,3,1M3,43
121,1a,M,1,3,1M3,43
121,1a,M,1,3,1M3,43
121,1a,M,1,3,1M3,45.5
121,1a,M,1,3,1M3,45.5
121,1a,M,1,3,1M3,45.5
121,1a,M,1,3,1M3,45.5
121,1a,M,1,3,1M3,45.5
121,1a,M,1,3,1M3,45.5
121,1a,M,1,3,1M3,48
121,1a,M,1,3,1M3,48
121,1a,M,1,3,1M3,50
121,1a,M,1,3,1M3,50
121,1a,M,1,3,1M3,52.5
122,1a,M,1,3,1M3,17.5
122,1a,M,1,3,1M3,31.5
122,1a,M,1,3,1M3,34
122,1a,M,1,3,1M3,36
122,1a,M,1,3,1M3,36
122,1a,M,1,3,1M3,36
122,1a,M,1,3,1M3,36
122,1a,M,1,3,1M3,38.5
122,1a,M,1,3,1M3,38.5
122,1a,M,1,3,1M3,38.5
122,1a,M,1,3,1M3,38.5
122,1a,M,1,3,1M3,41
122,1a,M,1,3,1M3,41
122,1a,M,1,3,1M3,41
122,1a,M,1,3,1M3,41
122,1a,M,1,3,1M3,41
122,1a,M,1,3,1M3,43
122,1a,M,1,3,1M3,43
122,1a,M,1,3,1M3,43
122,1a,M,1,3,1M3,45.5
122,1a,M,1,3,1M3,45.5
122,1a,M,1,3,1M3,45.5
122,1a,M,1,3,1M3,45.5
122,1a,M,1,3,1M3,45.5
122,1a,M,1,3,1M3,45.5
122,1a,M,1,3,1M3,45.5
122,1a,M,1,3,1M3,45.5
122,1a,M,1,3,1M3,45.5
122,1a,M,1,3,1M3,45.5
122,1a,M,1,3,1M3,45.5
122,1a,M,1,3,1M3,45.5
122,1a,M,1,3,1M3,48
122,1a,M,1,3,1M3,48
122,1a,M,1,3,1M3,50
122,1a,M,1,3,1M3,50
122,1a,M,1,3,1M3,50
122,1a,M,1,3,1M3,50
122,1a,M,1,3,1M3,52.5
122,1a,M,1,3,1M3,59.5
122,1a,M,1,3,1M3,59.5
123,1a,M,1,3,1M3,8
123,1a,M,1,3,1M3,17.5
123,1a,M,1,3,1M3,20
123,1a,M,1,3,1M3,24.5
123,1a,M,1,3,1M3,24.5
123,1a,M,1,3,1M3,24.5
123,1a,M,1,3,1M3,24.5
123,1a,M,1,3,1M3,27
123,1a,M,1,3,1M3,27
123,1a,M,1,3,1M3,31.5
123,1a,M,1,3,1M3,31.5
123,1a,M,1,3,1M3,31.5
123,1a,M,1,3,1M3,31.5
123,1a,M,1,3,1M3,34
123,1a,M,1,3,1M3,34
123,1a,M,1,3,1M3,34
123,1a,M,1,3,1M3,36
123,1a,M,1,3,1M3,36
123,1a,M,1,3,1M3,36
123,1a,M,1,3,1M3,36
123,1a,M,1,3,1M3,38.5
123,1a,M,1,3,1M3,38.5
123,1a,M,1,3,1M3,38.5
123,1a,M,1,3,1M3,41
123,1a,M,1,3,1M3,41
123,1a,M,1,3,1M3,41
123,1a,M,1,3,1M3,45.5
123,1a,M,1,3,1M3,45.5
123,1a,M,1,3,1M3,45.5
123,1a,M,1,3,1M3,45.5
123,1a,M,1,3,1M3,45.5
123,1a,M,1,3,1M3,45.5
123,1a,M,1,3,1M3,48
123,1a,M,1,3,1M3,48
123,1a,M,1,3,1M3,48
123,1a,M,1,3,1M3,50
123,1a,M,1,3,1M3,50
123,1a,M,1,3,1M3,50
123,1a,M,1,3,1M3,52.5
123,1a,M,1,3,1M3,52.5
73,1a,M,1,4,1M4,8
73,1a,M,1,4,1M4,8
73,1a,M,1,4,1M4,31.5
73,1a,M,1,4,1M4,38.5
73,1a,M,1,4,1M4,38.5
73,1a,M,1,4,1M4,38.5
73,1a,M,1,4,1M4,43
73,1a,M,1,4,1M4,43
73,1a,M,1,4,1M4,43
73,1a,M,1,4,1M4,43
73,1a,M,1,4,1M4,45.5
73,1a,M,1,4,1M4,45.5
73,1a,M,1,4,1M4,45.5
73,1a,M,1,4,1M4,45.5
73,1a,M,1,4,1M4,45.5
73,1a,M,1,4,1M4,45.5
73,1a,M,1,4,1M4,45.5
73,1a,M,1,4,1M4,45.5
73,1a,M,1,4,1M4,45.5
73,1a,M,1,4,1M4,50
73,1a,M,1,4,1M4,50
73,1a,M,1,4,1M4,52.5
73,1a,M,1,4,1M4,52.5
73,1a,M,1,4,1M4,52.5
73,1a,M,1,4,1M4,52.5
73,1a,M,1,4,1M4,57
73,1a,M,1,4,1M4,59.5
73,1a,M,1,4,1M4,59.5
73,1a,M,1,4,1M4,59.5
73,1a,M,1,4,1M4,59.5
73,1a,M,1,4,1M4,62
73,1a,M,1,4,1M4,62
73,1a,M,1,4,1M4,62
73,1a,M,1,4,1M4,64
73,1a,M,1,4,1M4,64
73,1a,M,1,4,1M4,66.5
73,1a,M,1,4,1M4,66.5
73,1a,M,1,4,1M4,71
73,1a,M,1,4,1M4,76
73,1a,M,1,4,1M4,83
74,1a,M,1,4,1M4,8
74,1a,M,1,4,1M4,31.5
74,1a,M,1,4,1M4,31.5
74,1a,M,1,4,1M4,31.5
74,1a,M,1,4,1M4,31.5
74,1a,M,1,4,1M4,31.5
74,1a,M,1,4,1M4,36
74,1a,M,1,4,1M4,41
74,1a,M,1,4,1M4,41
74,1a,M,1,4,1M4,41
74,1a,M,1,4,1M4,45.5
74,1a,M,1,4,1M4,45.5
74,1a,M,1,4,1M4,45.5
74,1a,M,1,4,1M4,45.5
74,1a,M,1,4,1M4,48
74,1a,M,1,4,1M4,48
74,1a,M,1,4,1M4,50
74,1a,M,1,4,1M4,50
74,1a,M,1,4,1M4,50
74,1a,M,1,4,1M4,52.5
74,1a,M,1,4,1M4,52.5
74,1a,M,1,4,1M4,52.5
74,1a,M,1,4,1M4,52.5
74,1a,M,1,4,1M4,52.5
74,1a,M,1,4,1M4,52.5
74,1a,M,1,4,1M4,55
74,1a,M,1,4,1M4,55
74,1a,M,1,4,1M4,55
74,1a,M,1,4,1M4,57
74,1a,M,1,4,1M4,59.5
74,1a,M,1,4,1M4,59.5
74,1a,M,1,4,1M4,59.5
74,1a,M,1,4,1M4,59.5
74,1a,M,1,4,1M4,62
74,1a,M,1,4,1M4,64
74,1a,M,1,4,1M4,64
74,1a,M,1,4,1M4,66.5
74,1a,M,1,4,1M4,66.5
74,1a,M,1,4,1M4,73.5
75,1a,M,1,4,1M4,27
75,1a,M,1,4,1M4,29
75,1a,M,1,4,1M4,29
75,1a,M,1,4,1M4,29
75,1a,M,1,4,1M4,29
75,1a,M,1,4,1M4,34
75,1a,M,1,4,1M4,36
75,1a,M,1,4,1M4,36
75,1a,M,1,4,1M4,38.5
75,1a,M,1,4,1M4,38.5
75,1a,M,1,4,1M4,38.5
75,1a,M,1,4,1M4,38.5
75,1a,M,1,4,1M4,38.5
75,1a,M,1,4,1M4,38.5
75,1a,M,1,4,1M4,41
75,1a,M,1,4,1M4,45.5
75,1a,M,1,4,1M4,45.5
75,1a,M,1,4,1M4,45.5
75,1a,M,1,4,1M4,45.5
75,1a,M,1,4,1M4,48
75,1a,M,1,4,1M4,48
75,1a,M,1,4,1M4,50
75,1a,M,1,4,1M4,50
75,1a,M,1,4,1M4,50
75,1a,M,1,4,1M4,52.5
75,1a,M,1,4,1M4,52.5
75,1a,M,1,4,1M4,52.5
75,1a,M,1,4,1M4,52.5
75,1a,M,1,4,1M4,52.5
75,1a,M,1,4,1M4,55
75,1a,M,1,4,1M4,55
75,1a,M,1,4,1M4,57
75,1a,M,1,4,1M4,57
75,1a,M,1,4,1M4,57
75,1a,M,1,4,1M4,59.5
75,1a,M,1,4,1M4,59.5
75,1a,M,1,4,1M4,66.5
75,1a,M,1,4,1M4,66.5
75,1a,M,1,4,1M4,73.5
75,1a,M,1,4,1M4,76
100,1b,M,1,1,1M1,22
100,1b,M,1,1,1M1,34
100,1b,M,1,1,1M1,36
100,1b,M,1,1,1M1,36
100,1b,M,1,1,1M1,36
100,1b,M,1,1,1M1,36
100,1b,M,1,1,1M1,36
100,1b,M,1,1,1M1,38.5
100,1b,M,1,1,1M1,38.5
100,1b,M,1,1,1M1,38.5
100,1b,M,1,1,1M1,38.5
100,1b,M,1,1,1M1,38.5
100,1b,M,1,1,1M1,41
100,1b,M,1,1,1M1,41
100,1b,M,1,1,1M1,41
100,1b,M,1,1,1M1,43
100,1b,M,1,1,1M1,43
100,1b,M,1,1,1M1,45.5
100,1b,M,1,1,1M1,45.5
100,1b,M,1,1,1M1,45.5
100,1b,M,1,1,1M1,45.5
100,1b,M,1,1,1M1,45.5
100,1b,M,1,1,1M1,45.5
100,1b,M,1,1,1M1,45.5
100,1b,M,1,1,1M1,45.5
100,1b,M,1,1,1M1,45.5
100,1b,M,1,1,1M1,45.5
100,1b,M,1,1,1M1,48
100,1b,M,1,1,1M1,50
100,1b,M,1,1,1M1,52.5
100,1b,M,1,1,1M1,52.5
100,1b,M,1,1,1M1,57
100,1b,M,1,1,1M1,57
100,1b,M,1,1,1M1,59.5
100,1b,M,1,1,1M1,59.5
100,1b,M,1,1,1M1,62
100,1b,M,1,1,1M1,64
100,1b,M,1,1,1M1,66.5
100,1b,M,1,1,1M1,71
100,1b,M,1,1,1M1,80.5
101,1b,M,1,1,1M1,10.5
101,1b,M,1,1,1M1,20
101,1b,M,1,1,1M1,29
101,1b,M,1,1,1M1,36
101,1b,M,1,1,1M1,36
101,1b,M,1,1,1M1,38.5
101,1b,M,1,1,1M1,38.5
101,1b,M,1,1,1M1,38.5
101,1b,M,1,1,1M1,38.5
101,1b,M,1,1,1M1,38.5
101,1b,M,1,1,1M1,38.5
101,1b,M,1,1,1M1,41
101,1b,M,1,1,1M1,41
101,1b,M,1,1,1M1,41
101,1b,M,1,1,1M1,41
101,1b,M,1,1,1M1,43
101,1b,M,1,1,1M1,43
101,1b,M,1,1,1M1,43
101,1b,M,1,1,1M1,45.5
101,1b,M,1,1,1M1,45.5
101,1b,M,1,1,1M1,45.5
101,1b,M,1,1,1M1,45.5
101,1b,M,1,1,1M1,45.5
101,1b,M,1,1,1M1,45.5
101,1b,M,1,1,1M1,45.5
101,1b,M,1,1,1M1,48
101,1b,M,1,1,1M1,48
101,1b,M,1,1,1M1,48
101,1b,M,1,1,1M1,48
101,1b,M,1,1,1M1,50
101,1b,M,1,1,1M1,52.5
101,1b,M,1,1,1M1,55
101,1b,M,1,1,1M1,55
101,1b,M,1,1,1M1,57
101,1b,M,1,1,1M1,59.5
101,1b,M,1,1,1M1,62
101,1b,M,1,1,1M1,66.5
101,1b,M,1,1,1M1,66.5
101,1b,M,1,1,1M1,80.5
101,1b,M,1,1,1M1,80.5
102,1b,M,1,1,1M1,6
102,1b,M,1,1,1M1,31.5
102,1b,M,1,1,1M1,31.5
102,1b,M,1,1,1M1,31.5
102,1b,M,1,1,1M1,36
102,1b,M,1,1,1M1,36
102,1b,M,1,1,1M1,36
102,1b,M,1,1,1M1,36
102,1b,M,1,1,1M1,36
102,1b,M,1,1,1M1,36
102,1b,M,1,1,1M1,36
102,1b,M,1,1,1M1,36
102,1b,M,1,1,1M1,38.5
102,1b,M,1,1,1M1,38.5
102,1b,M,1,1,1M1,38.5
102,1b,M,1,1,1M1,38.5
102,1b,M,1,1,1M1,41
102,1b,M,1,1,1M1,41
102,1b,M,1,1,1M1,41
102,1b,M,1,1,1M1,41
102,1b,M,1,1,1M1,41
102,1b,M,1,1,1M1,41
102,1b,M,1,1,1M1,41
102,1b,M,1,1,1M1,41
102,1b,M,1,1,1M1,43
102,1b,M,1,1,1M1,43
102,1b,M,1,1,1M1,43
102,1b,M,1,1,1M1,45.5
102,1b,M,1,1,1M1,45.5
102,1b,M,1,1,1M1,45.5
102,1b,M,1,1,1M1,45.5
102,1b,M,1,1,1M1,45.5
102,1b,M,1,1,1M1,45.5
102,1b,M,1,1,1M1,45.5
102,1b,M,1,1,1M1,52.5
102,1b,M,1,1,1M1,52.5
102,1b,M,1,1,1M1,52.5
102,1b,M,1,1,1M1,52.5
102,1b,M,1,1,1M1,55
102,1b,M,1,1,1M1,55
124,1b,M,1,3,1M3,8
124,1b,M,1,3,1M3,17.5
124,1b,M,1,3,1M3,24.5
124,1b,M,1,3,1M3,29
124,1b,M,1,3,1M3,29
124,1b,M,1,3,1M3,29
124,1b,M,1,3,1M3,29
124,1b,M,1,3,1M3,34
124,1b,M,1,3,1M3,34
124,1b,M,1,3,1M3,36
124,1b,M,1,3,1M3,36
124,1b,M,1,3,1M3,36
124,1b,M,1,3,1M3,36
124,1b,M,1,3,1M3,36
124,1b,M,1,3,1M3,36
124,1b,M,1,3,1M3,36
124,1b,M,1,3,1M3,38.5
124,1b,M,1,3,1M3,38.5
124,1b,M,1,3,1M3,38.5
124,1b,M,1,3,1M3,41
124,1b,M,1,3,1M3,41
124,1b,M,1,3,1M3,45.5
124,1b,M,1,3,1M3,45.5
124,1b,M,1,3,1M3,45.5
124,1b,M,1,3,1M3,45.5
124,1b,M,1,3,1M3,48
124,1b,M,1,3,1M3,48
124,1b,M,1,3,1M3,48
124,1b,M,1,3,1M3,48
124,1b,M,1,3,1M3,48
124,1b,M,1,3,1M3,48
124,1b,M,1,3,1M3,48
124,1b,M,1,3,1M3,48
124,1b,M,1,3,1M3,50
124,1b,M,1,3,1M3,52.5
124,1b,M,1,3,1M3,52.5
124,1b,M,1,3,1M3,52.5
124,1b,M,1,3,1M3,62
125,1b,M,1,3,1M3,17.5
125,1b,M,1,3,1M3,22
125,1b,M,1,3,1M3,31.5
125,1b,M,1,3,1M3,31.5
125,1b,M,1,3,1M3,31.5
125,1b,M,1,3,1M3,31.5
125,1b,M,1,3,1M3,34
125,1b,M,1,3,1M3,34
125,1b,M,1,3,1M3,34
125,1b,M,1,3,1M3,34
125,1b,M,1,3,1M3,34
125,1b,M,1,3,1M3,34
125,1b,M,1,3,1M3,34
125,1b,M,1,3,1M3,34
125,1b,M,1,3,1M3,34
125,1b,M,1,3,1M3,34
125,1b,M,1,3,1M3,36
125,1b,M,1,3,1M3,36
125,1b,M,1,3,1M3,36
125,1b,M,1,3,1M3,36
125,1b,M,1,3,1M3,36
125,1b,M,1,3,1M3,36
125,1b,M,1,3,1M3,36
125,1b,M,1,3,1M3,36
125,1b,M,1,3,1M3,36
125,1b,M,1,3,1M3,36
125,1b,M,1,3,1M3,36
125,1b,M,1,3,1M3,38.5
125,1b,M,1,3,1M3,38.5
125,1b,M,1,3,1M3,38.5
125,1b,M,1,3,1M3,38.5
125,1b,M,1,3,1M3,38.5
125,1b,M,1,3,1M3,38.5
125,1b,M,1,3,1M3,41
125,1b,M,1,3,1M3,41
125,1b,M,1,3,1M3,43
125,1b,M,1,3,1M3,43
125,1b,M,1,3,1M3,43
125,1b,M,1,3,1M3,43
125,1b,M,1,3,1M3,45.5
126,1b,M,1,3,1M3,17.5
126,1b,M,1,3,1M3,24.5
126,1b,M,1,3,1M3,29
126,1b,M,1,3,1M3,29
126,1b,M,1,3,1M3,31.5
126,1b,M,1,3,1M3,31.5
126,1b,M,1,3,1M3,31.5
126,1b,M,1,3,1M3,31.5
126,1b,M,1,3,1M3,31.5
126,1b,M,1,3,1M3,34
126,1b,M,1,3,1M3,34
126,1b,M,1,3,1M3,34
126,1b,M,1,3,1M3,36
126,1b,M,1,3,1M3,36
126,1b,M,1,3,1M3,36
126,1b,M,1,3,1M3,36
126,1b,M,1,3,1M3,38.5
126,1b,M,1,3,1M3,38.5
126,1b,M,1,3,1M3,41
126,1b,M,1,3,1M3,41
126,1b,M,1,3,1M3,41
126,1b,M,1,3,1M3,41
126,1b,M,1,3,1M3,41
126,1b,M,1,3,1M3,41
126,1b,M,1,3,1M3,41
126,1b,M,1,3,1M3,41
126,1b,M,1,3,1M3,43
126,1b,M,1,3,1M3,43
126,1b,M,1,3,1M3,45.5
126,1b,M,1,3,1M3,45.5
126,1b,M,1,3,1M3,45.5
126,1b,M,1,3,1M3,45.5
126,1b,M,1,3,1M3,45.5
126,1b,M,1,3,1M3,45.5
126,1b,M,1,3,1M3,48
126,1b,M,1,3,1M3,50
126,1b,M,1,3,1M3,50
126,1b,M,1,3,1M3,52.5
126,1b,M,1,3,1M3,52.5
126,1b,M,1,3,1M3,52.5
76,1b,M,1,4,1M4,8
76,1b,M,1,4,1M4,22
76,1b,M,1,4,1M4,27
76,1b,M,1,4,1M4,31.5
76,1b,M,1,4,1M4,31.5
76,1b,M,1,4,1M4,31.5
76,1b,M,1,4,1M4,31.5
76,1b,M,1,4,1M4,34
76,1b,M,1,4,1M4,36
76,1b,M,1,4,1M4,38.5
76,1b,M,1,4,1M4,38.5
76,1b,M,1,4,1M4,38.5
76,1b,M,1,4,1M4,45.5
76,1b,M,1,4,1M4,45.5
76,1b,M,1,4,1M4,45.5
76,1b,M,1,4,1M4,48
76,1b,M,1,4,1M4,48
76,1b,M,1,4,1M4,50
76,1b,M,1,4,1M4,50
76,1b,M,1,4,1M4,50
76,1b,M,1,4,1M4,50
76,1b,M,1,4,1M4,52.5
76,1b,M,1,4,1M4,52.5
76,1b,M,1,4,1M4,52.5
76,1b,M,1,4,1M4,52.5
76,1b,M,1,4,1M4,55
76,1b,M,1,4,1M4,55
76,1b,M,1,4,1M4,55
76,1b,M,1,4,1M4,57
76,1b,M,1,4,1M4,59.5
76,1b,M,1,4,1M4,59.5
76,1b,M,1,4,1M4,62
76,1b,M,1,4,1M4,62
76,1b,M,1,4,1M4,62
76,1b,M,1,4,1M4,64
76,1b,M,1,4,1M4,64
76,1b,M,1,4,1M4,66.5
76,1b,M,1,4,1M4,66.5
76,1b,M,1,4,1M4,73.5
76,1b,M,1,4,1M4,80.5
77,1b,M,1,4,1M4,1
77,1b,M,1,4,1M4,3.5
77,1b,M,1,4,1M4,10.5
77,1b,M,1,4,1M4,27
77,1b,M,1,4,1M4,27
77,1b,M,1,4,1M4,31.5
77,1b,M,1,4,1M4,31.5
77,1b,M,1,4,1M4,31.5
77,1b,M,1,4,1M4,31.5
77,1b,M,1,4,1M4,31.5
77,1b,M,1,4,1M4,34
77,1b,M,1,4,1M4,34
77,1b,M,1,4,1M4,34
77,1b,M,1,4,1M4,34
77,1b,M,1,4,1M4,34
77,1b,M,1,4,1M4,34
77,1b,M,1,4,1M4,38.5
77,1b,M,1,4,1M4,38.5
77,1b,M,1,4,1M4,41
77,1b,M,1,4,1M4,41
77,1b,M,1,4,1M4,43
77,1b,M,1,4,1M4,43
77,1b,M,1,4,1M4,43
77,1b,M,1,4,1M4,43
77,1b,M,1,4,1M4,45.5
77,1b,M,1,4,1M4,45.5
77,1b,M,1,4,1M4,45.5
77,1b,M,1,4,1M4,48
77,1b,M,1,4,1M4,48
77,1b,M,1,4,1M4,48
77,1b,M,1,4,1M4,57
77,1b,M,1,4,1M4,57
77,1b,M,1,4,1M4,57
77,1b,M,1,4,1M4,59.5
77,1b,M,1,4,1M4,59.5
77,1b,M,1,4,1M4,59.5
77,1b,M,1,4,1M4,62
77,1b,M,1,4,1M4,64
77,1b,M,1,4,1M4,66.5
77,1b,M,1,4,1M4,71
78,1b,M,1,4,1M4,3.5
78,1b,M,1,4,1M4,34
78,1b,M,1,4,1M4,34
78,1b,M,1,4,1M4,36
78,1b,M,1,4,1M4,36
78,1b,M,1,4,1M4,38.5
78,1b,M,1,4,1M4,41
78,1b,M,1,4,1M4,41
78,1b,M,1,4,1M4,41
78,1b,M,1,4,1M4,41
78,1b,M,1,4,1M4,41
78,1b,M,1,4,1M4,41
78,1b,M,1,4,1M4,41
78,1b,M,1,4,1M4,41
78,1b,M,1,4,1M4,41
78,1b,M,1,4,1M4,45.5
78,1b,M,1,4,1M4,45.5
78,1b,M,1,4,1M4,48
78,1b,M,1,4,1M4,48
78,1b,M,1,4,1M4,48
78,1b,M,1,4,1M4,50
78,1b,M,1,4,1M4,50
78,1b,M,1,4,1M4,52.5
78,1b,M,1,4,1M4,52.5
78,1b,M,1,4,1M4,52.5
78,1b,M,1,4,1M4,52.5
78,1b,M,1,4,1M4,52.5
78,1b,M,1,4,1M4,57
78,1b,M,1,4,1M4,57
78,1b,M,1,4,1M4,59.5
78,1b,M,1,4,1M4,59.5
78,1b,M,1,4,1M4,62
78,1b,M,1,4,1M4,62
78,1b,M,1,4,1M4,64
78,1b,M,1,4,1M4,66.5
78,1b,M,1,4,1M4,66.5
78,1b,M,1,4,1M4,66.5
78,1b,M,1,4,1M4,66.5
78,1b,M,1,4,1M4,71
103,1c,M,1,1,1M1,1
103,1c,M,1,1,1M1,8
103,1c,M,1,1,1M1,24.5
103,1c,M,1,1,1M1,27
103,1c,M,1,1,1M1,36
103,1c,M,1,1,1M1,36
103,1c,M,1,1,1M1,36
103,1c,M,1,1,1M1,36
103,1c,M,1,1,1M1,38.5
103,1c,M,1,1,1M1,38.5
103,1c,M,1,1,1M1,38.5
103,1c,M,1,1,1M1,45.5
103,1c,M,1,1,1M1,45.5
103,1c,M,1,1,1M1,47
103,1c,M,1,1,1M1,48
103,1c,M,1,1,1M1,48
103,1c,M,1,1,1M1,48
103,1c,M,1,1,1M1,50
103,1c,M,1,1,1M1,50
103,1c,M,1,1,1M1,50
103,1c,M,1,1,1M1,52.5
103,1c,M,1,1,1M1,52.5
103,1c,M,1,1,1M1,52.5
103,1c,M,1,1,1M1,52.5
103,1c,M,1,1,1M1,52.5
103,1c,M,1,1,1M1,52.5
103,1c,M,1,1,1M1,52.5
103,1c,M,1,1,1M1,52.5
103,1c,M,1,1,1M1,55
103,1c,M,1,1,1M1,57
103,1c,M,1,1,1M1,57
103,1c,M,1,1,1M1,57
103,1c,M,1,1,1M1,59.5
103,1c,M,1,1,1M1,59.5
103,1c,M,1,1,1M1,62
103,1c,M,1,1,1M1,64
103,1c,M,1,1,1M1,66.5
103,1c,M,1,1,1M1,66.5
103,1c,M,1,1,1M1,71
103,1c,M,1,1,1M1,73.5
104,1c,M,1,1,1M1,36
104,1c,M,1,1,1M1,36
104,1c,M,1,1,1M1,38.5
104,1c,M,1,1,1M1,38.5
104,1c,M,1,1,1M1,41
104,1c,M,1,1,1M1,43
104,1c,M,1,1,1M1,45.5
104,1c,M,1,1,1M1,45.5
104,1c,M,1,1,1M1,45.5
104,1c,M,1,1,1M1,48
104,1c,M,1,1,1M1,48
104,1c,M,1,1,1M1,48
104,1c,M,1,1,1M1,48
104,1c,M,1,1,1M1,50
104,1c,M,1,1,1M1,50
104,1c,M,1,1,1M1,50
104,1c,M,1,1,1M1,50
104,1c,M,1,1,1M1,52.5
104,1c,M,1,1,1M1,52.5
104,1c,M,1,1,1M1,52.5
104,1c,M,1,1,1M1,52.5
104,1c,M,1,1,1M1,52.5
104,1c,M,1,1,1M1,52.5
104,1c,M,1,1,1M1,52.5
104,1c,M,1,1,1M1,52.5
104,1c,M,1,1,1M1,52.5
104,1c,M,1,1,1M1,52.5
104,1c,M,1,1,1M1,52.5
104,1c,M,1,1,1M1,52.5
104,1c,M,1,1,1M1,52.5
104,1c,M,1,1,1M1,52.5
104,1c,M,1,1,1M1,55
104,1c,M,1,1,1M1,57
104,1c,M,1,1,1M1,57
104,1c,M,1,1,1M1,59.5
104,1c,M,1,1,1M1,59.5
104,1c,M,1,1,1M1,59.5
104,1c,M,1,1,1M1,59.5
104,1c,M,1,1,1M1,62
104,1c,M,1,1,1M1,73.5
105,1c,M,1,1,1M1,8
105,1c,M,1,1,1M1,8
105,1c,M,1,1,1M1,20
105,1c,M,1,1,1M1,29
105,1c,M,1,1,1M1,31.5
105,1c,M,1,1,1M1,31.5
105,1c,M,1,1,1M1,36
105,1c,M,1,1,1M1,36
105,1c,M,1,1,1M1,38.5
105,1c,M,1,1,1M1,38.5
105,1c,M,1,1,1M1,38.5
105,1c,M,1,1,1M1,41
105,1c,M,1,1,1M1,45.5
105,1c,M,1,1,1M1,45.5
105,1c,M,1,1,1M1,48
105,1c,M,1,1,1M1,48
105,1c,M,1,1,1M1,50
105,1c,M,1,1,1M1,50
105,1c,M,1,1,1M1,50
105,1c,M,1,1,1M1,50
105,1c,M,1,1,1M1,50
105,1c,M,1,1,1M1,52.5
105,1c,M,1,1,1M1,52.5
105,1c,M,1,1,1M1,52.5
105,1c,M,1,1,1M1,52.5
105,1c,M,1,1,1M1,52.5
105,1c,M,1,1,1M1,52.5
105,1c,M,1,1,1M1,52.5
105,1c,M,1,1,1M1,52.5
105,1c,M,1,1,1M1,52.5
105,1c,M,1,1,1M1,52.5
105,1c,M,1,1,1M1,52.5
105,1c,M,1,1,1M1,55
105,1c,M,1,1,1M1,59.5
105,1c,M,1,1,1M1,59.5
105,1c,M,1,1,1M1,62
105,1c,M,1,1,1M1,64
105,1c,M,1,1,1M1,66.5
105,1c,M,1,1,1M1,66.5
105,1c,M,1,1,1M1,66.5
127,1c,M,1,3,1M3,8
127,1c,M,1,3,1M3,8
127,1c,M,1,3,1M3,10.5
127,1c,M,1,3,1M3,20
127,1c,M,1,3,1M3,20
127,1c,M,1,3,1M3,24.5
127,1c,M,1,3,1M3,29
127,1c,M,1,3,1M3,29
127,1c,M,1,3,1M3,29
127,1c,M,1,3,1M3,31.5
127,1c,M,1,3,1M3,31.5
127,1c,M,1,3,1M3,31.5
127,1c,M,1,3,1M3,31.5
127,1c,M,1,3,1M3,36
127,1c,M,1,3,1M3,36
127,1c,M,1,3,1M3,36
127,1c,M,1,3,1M3,36
127,1c,M,1,3,1M3,36
127,1c,M,1,3,1M3,36
127,1c,M,1,3,1M3,36
127,1c,M,1,3,1M3,36
127,1c,M,1,3,1M3,38.5
127,1c,M,1,3,1M3,38.5
127,1c,M,1,3,1M3,38.5
127,1c,M,1,3,1M3,41
127,1c,M,1,3,1M3,41
127,1c,M,1,3,1M3,41
127,1c,M,1,3,1M3,43
127,1c,M,1,3,1M3,43
127,1c,M,1,3,1M3,43
127,1c,M,1,3,1M3,45.5
127,1c,M,1,3,1M3,45.5
127,1c,M,1,3,1M3,45.5
127,1c,M,1,3,1M3,45.5
127,1c,M,1,3,1M3,45.5
127,1c,M,1,3,1M3,45.5
127,1c,M,1,3,1M3,45.5
127,1c,M,1,3,1M3,48
127,1c,M,1,3,1M3,48
127,1c,M,1,3,1M3,59.5
128,1c,M,1,3,1M3,10.5
128,1c,M,1,3,1M3,10.5
128,1c,M,1,3,1M3,24.5
128,1c,M,1,3,1M3,24.5
128,1c,M,1,3,1M3,27
128,1c,M,1,3,1M3,27
128,1c,M,1,3,1M3,29
128,1c,M,1,3,1M3,31.5
128,1c,M,1,3,1M3,31.5
128,1c,M,1,3,1M3,34
128,1c,M,1,3,1M3,34
128,1c,M,1,3,1M3,36
128,1c,M,1,3,1M3,36
128,1c,M,1,3,1M3,36
128,1c,M,1,3,1M3,36
128,1c,M,1,3,1M3,36
128,1c,M,1,3,1M3,38.5
128,1c,M,1,3,1M3,38.5
128,1c,M,1,3,1M3,38.5
128,1c,M,1,3,1M3,38.5
128,1c,M,1,3,1M3,38.5
128,1c,M,1,3,1M3,41
128,1c,M,1,3,1M3,41
128,1c,M,1,3,1M3,41
128,1c,M,1,3,1M3,41
128,1c,M,1,3,1M3,41
128,1c,M,1,3,1M3,43
128,1c,M,1,3,1M3,43
128,1c,M,1,3,1M3,43
128,1c,M,1,3,1M3,45.5
128,1c,M,1,3,1M3,45.5
128,1c,M,1,3,1M3,45.5
128,1c,M,1,3,1M3,45.5
128,1c,M,1,3,1M3,45.5
128,1c,M,1,3,1M3,45.5
128,1c,M,1,3,1M3,45.5
128,1c,M,1,3,1M3,52.5
128,1c,M,1,3,1M3,52.5
128,1c,M,1,3,1M3,52.5
128,1c,M,1,3,1M3,52.5
129,1c,M,1,3,1M3,1
129,1c,M,1,3,1M3,3.5
129,1c,M,1,3,1M3,10.5
129,1c,M,1,3,1M3,10.5
129,1c,M,1,3,1M3,27
129,1c,M,1,3,1M3,27
129,1c,M,1,3,1M3,31.5
129,1c,M,1,3,1M3,31.5
129,1c,M,1,3,1M3,31.5
129,1c,M,1,3,1M3,31.5
129,1c,M,1,3,1M3,31.5
129,1c,M,1,3,1M3,34
129,1c,M,1,3,1M3,36
129,1c,M,1,3,1M3,36
129,1c,M,1,3,1M3,36
129,1c,M,1,3,1M3,36
129,1c,M,1,3,1M3,38.5
129,1c,M,1,3,1M3,38.5
129,1c,M,1,3,1M3,38.5
129,1c,M,1,3,1M3,41
129,1c,M,1,3,1M3,45.5
129,1c,M,1,3,1M3,45.5
129,1c,M,1,3,1M3,45.5
129,1c,M,1,3,1M3,45.5
129,1c,M,1,3,1M3,45.5
129,1c,M,1,3,1M3,45.5
129,1c,M,1,3,1M3,45.5
129,1c,M,1,3,1M3,45.5
129,1c,M,1,3,1M3,45.5
129,1c,M,1,3,1M3,45.5
129,1c,M,1,3,1M3,45.5
129,1c,M,1,3,1M3,48
129,1c,M,1,3,1M3,48
129,1c,M,1,3,1M3,50
129,1c,M,1,3,1M3,50
129,1c,M,1,3,1M3,50
129,1c,M,1,3,1M3,50
129,1c,M,1,3,1M3,50
129,1c,M,1,3,1M3,52.5
129,1c,M,1,3,1M3,55
79,1c,M,1,4,1M4,10.5
79,1c,M,1,4,1M4,27
79,1c,M,1,4,1M4,27
79,1c,M,1,4,1M4,36
79,1c,M,1,4,1M4,36
79,1c,M,1,4,1M4,38.5
79,1c,M,1,4,1M4,41
79,1c,M,1,4,1M4,45.5
79,1c,M,1,4,1M4,45.5
79,1c,M,1,4,1M4,48
79,1c,M,1,4,1M4,48
79,1c,M,1,4,1M4,48
79,1c,M,1,4,1M4,50
79,1c,M,1,4,1M4,50
79,1c,M,1,4,1M4,50
79,1c,M,1,4,1M4,50
79,1c,M,1,4,1M4,52.5
79,1c,M,1,4,1M4,52.5
79,1c,M,1,4,1M4,52.5
79,1c,M,1,4,1M4,52.5
79,1c,M,1,4,1M4,55
79,1c,M,1,4,1M4,55
79,1c,M,1,4,1M4,55
79,1c,M,1,4,1M4,55
79,1c,M,1,4,1M4,55
79,1c,M,1,4,1M4,59.5
79,1c,M,1,4,1M4,59.5
79,1c,M,1,4,1M4,59.5
79,1c,M,1,4,1M4,59.5
79,1c,M,1,4,1M4,62
79,1c,M,1,4,1M4,62
79,1c,M,1,4,1M4,64
79,1c,M,1,4,1M4,64
79,1c,M,1,4,1M4,64
79,1c,M,1,4,1M4,66.5
79,1c,M,1,4,1M4,66.5
79,1c,M,1,4,1M4,73.5
79,1c,M,1,4,1M4,73.5
79,1c,M,1,4,1M4,78
79,1c,M,1,4,1M4,85
80,1c,M,1,4,1M4,31.5
80,1c,M,1,4,1M4,34
80,1c,M,1,4,1M4,34
80,1c,M,1,4,1M4,38.5
80,1c,M,1,4,1M4,41
80,1c,M,1,4,1M4,43
80,1c,M,1,4,1M4,43
80,1c,M,1,4,1M4,43
80,1c,M,1,4,1M4,45.5
80,1c,M,1,4,1M4,45.5
80,1c,M,1,4,1M4,45.5
80,1c,M,1,4,1M4,45.5
80,1c,M,1,4,1M4,45.5
80,1c,M,1,4,1M4,45.5
80,1c,M,1,4,1M4,48
80,1c,M,1,4,1M4,50
80,1c,M,1,4,1M4,50
80,1c,M,1,4,1M4,50
80,1c,M,1,4,1M4,52.5
80,1c,M,1,4,1M4,52.5
80,1c,M,1,4,1M4,52.5
80,1c,M,1,4,1M4,52.5
80,1c,M,1,4,1M4,52.5
80,1c,M,1,4,1M4,55
80,1c,M,1,4,1M4,55
80,1c,M,1,4,1M4,57
80,1c,M,1,4,1M4,57
80,1c,M,1,4,1M4,57
80,1c,M,1,4,1M4,57
80,1c,M,1,4,1M4,59.5
80,1c,M,1,4,1M4,59.5
80,1c,M,1,4,1M4,62
80,1c,M,1,4,1M4,64
80,1c,M,1,4,1M4,66.5
80,1c,M,1,4,1M4,69
80,1c,M,1,4,1M4,71
80,1c,M,1,4,1M4,73.5
80,1c,M,1,4,1M4,73.5
80,1c,M,1,4,1M4,76
80,1c,M,1,4,1M4,80.5
81,1c,M,1,4,1M4,27
81,1c,M,1,4,1M4,27
81,1c,M,1,4,1M4,29
81,1c,M,1,4,1M4,34
81,1c,M,1,4,1M4,38.5
81,1c,M,1,4,1M4,38.5
81,1c,M,1,4,1M4,38.5
81,1c,M,1,4,1M4,38.5
81,1c,M,1,4,1M4,38.5
81,1c,M,1,4,1M4,38.5
81,1c,M,1,4,1M4,41
81,1c,M,1,4,1M4,43
81,1c,M,1,4,1M4,45.5
81,1c,M,1,4,1M4,45.5
81,1c,M,1,4,1M4,45.5
81,1c,M,1,4,1M4,48
81,1c,M,1,4,1M4,48
81,1c,M,1,4,1M4,52.5
81,1c,M,1,4,1M4,52.5
81,1c,M,1,4,1M4,52.5
81,1c,M,1,4,1M4,52.5
81,1c,M,1,4,1M4,52.5
81,1c,M,1,4,1M4,55
81,1c,M,1,4,1M4,55
81,1c,M,1,4,1M4,55
81,1c,M,1,4,1M4,55
81,1c,M,1,4,1M4,55
81,1c,M,1,4,1M4,57
81,1c,M,1,4,1M4,57
81,1c,M,1,4,1M4,59.5
81,1c,M,1,4,1M4,59.5
81,1c,M,1,4,1M4,59.5
81,1c,M,1,4,1M4,66.5
81,1c,M,1,4,1M4,66.5
81,1c,M,1,4,1M4,69
81,1c,M,1,4,1M4,71
81,1c,M,1,4,1M4,71
81,1c,M,1,4,1M4,71
81,1c,M,1,4,1M4,71
81,1c,M,1,4,1M4,76
106,1d,M,1,1,1M1,36
106,1d,M,1,1,1M1,36
106,1d,M,1,1,1M1,38.5
106,1d,M,1,1,1M1,38.5
106,1d,M,1,1,1M1,41
106,1d,M,1,1,1M1,41
106,1d,M,1,1,1M1,43
106,1d,M,1,1,1M1,43
106,1d,M,1,1,1M1,45.5
106,1d,M,1,1,1M1,45.5
106,1d,M,1,1,1M1,45.5
106,1d,M,1,1,1M1,45.5
106,1d,M,1,1,1M1,45.5
106,1d,M,1,1,1M1,45.5
106,1d,M,1,1,1M1,45.5
106,1d,M,1,1,1M1,45.5
106,1d,M,1,1,1M1,48
106,1d,M,1,1,1M1,48
106,1d,M,1,1,1M1,48
106,1d,M,1,1,1M1,48
106,1d,M,1,1,1M1,50
106,1d,M,1,1,1M1,50
106,1d,M,1,1,1M1,50
106,1d,M,1,1,1M1,50
106,1d,M,1,1,1M1,50
106,1d,M,1,1,1M1,52.5
106,1d,M,1,1,1M1,52.5
106,1d,M,1,1,1M1,52.5
106,1d,M,1,1,1M1,52.5
106,1d,M,1,1,1M1,52.5
106,1d,M,1,1,1M1,52.5
106,1d,M,1,1,1M1,52.5
106,1d,M,1,1,1M1,52.5
106,1d,M,1,1,1M1,52.5
106,1d,M,1,1,1M1,55
106,1d,M,1,1,1M1,57
106,1d,M,1,1,1M1,66.5
106,1d,M,1,1,1M1,66.5
106,1d,M,1,1,1M1,66.5
106,1d,M,1,1,1M1,73.5
107,1d,M,1,1,1M1,22
107,1d,M,1,1,1M1,27
107,1d,M,1,1,1M1,27
107,1d,M,1,1,1M1,34
107,1d,M,1,1,1M1,36
107,1d,M,1,1,1M1,38.5
107,1d,M,1,1,1M1,41
107,1d,M,1,1,1M1,41
107,1d,M,1,1,1M1,45.5
107,1d,M,1,1,1M1,45.5
107,1d,M,1,1,1M1,45.5
107,1d,M,1,1,1M1,48
107,1d,M,1,1,1M1,48
107,1d,M,1,1,1M1,48
107,1d,M,1,1,1M1,48
107,1d,M,1,1,1M1,48
107,1d,M,1,1,1M1,50
107,1d,M,1,1,1M1,50
107,1d,M,1,1,1M1,50
107,1d,M,1,1,1M1,50
107,1d,M,1,1,1M1,50
107,1d,M,1,1,1M1,52.5
107,1d,M,1,1,1M1,52.5
107,1d,M,1,1,1M1,52.5
107,1d,M,1,1,1M1,52.5
107,1d,M,1,1,1M1,52.5
107,1d,M,1,1,1M1,52.5
107,1d,M,1,1,1M1,52.5
107,1d,M,1,1,1M1,52.5
107,1d,M,1,1,1M1,52.5
107,1d,M,1,1,1M1,52.5
107,1d,M,1,1,1M1,52.5
107,1d,M,1,1,1M1,59.5
107,1d,M,1,1,1M1,59.5
107,1d,M,1,1,1M1,59.5
107,1d,M,1,1,1M1,59.5
107,1d,M,1,1,1M1,59.5
107,1d,M,1,1,1M1,62
107,1d,M,1,1,1M1,62
107,1d,M,1,1,1M1,66.5
108,1d,M,1,1,1M1,8
108,1d,M,1,1,1M1,8
108,1d,M,1,1,1M1,8
108,1d,M,1,1,1M1,36
108,1d,M,1,1,1M1,36
108,1d,M,1,1,1M1,38.5
108,1d,M,1,1,1M1,38.5
108,1d,M,1,1,1M1,41
108,1d,M,1,1,1M1,41
108,1d,M,1,1,1M1,45.5
108,1d,M,1,1,1M1,45.5
108,1d,M,1,1,1M1,45.5
108,1d,M,1,1,1M1,45.5
108,1d,M,1,1,1M1,45.5
108,1d,M,1,1,1M1,45.5
108,1d,M,1,1,1M1,48
108,1d,M,1,1,1M1,48
108,1d,M,1,1,1M1,50
108,1d,M,1,1,1M1,50
108,1d,M,1,1,1M1,50
108,1d,M,1,1,1M1,50
108,1d,M,1,1,1M1,52.5
108,1d,M,1,1,1M1,52.5
108,1d,M,1,1,1M1,52.5
108,1d,M,1,1,1M1,52.5
108,1d,M,1,1,1M1,52.5
108,1d,M,1,1,1M1,52.5
108,1d,M,1,1,1M1,52.5
108,1d,M,1,1,1M1,52.5
108,1d,M,1,1,1M1,52.5
108,1d,M,1,1,1M1,52.5
108,1d,M,1,1,1M1,52.5
108,1d,M,1,1,1M1,55
108,1d,M,1,1,1M1,57
108,1d,M,1,1,1M1,57
108,1d,M,1,1,1M1,57
108,1d,M,1,1,1M1,62
108,1d,M,1,1,1M1,66.5
108,1d,M,1,1,1M1,76
130,1d,M,1,3,1M3,3.5
130,1d,M,1,3,1M3,17.5
130,1d,M,1,3,1M3,31.5
130,1d,M,1,3,1M3,36
130,1d,M,1,3,1M3,36
130,1d,M,1,3,1M3,36
130,1d,M,1,3,1M3,36
130,1d,M,1,3,1M3,36
130,1d,M,1,3,1M3,36
130,1d,M,1,3,1M3,36
130,1d,M,1,3,1M3,38.5
130,1d,M,1,3,1M3,38.5
130,1d,M,1,3,1M3,38.5
130,1d,M,1,3,1M3,38.5
130,1d,M,1,3,1M3,38.5
130,1d,M,1,3,1M3,38.5
130,1d,M,1,3,1M3,38.5
130,1d,M,1,3,1M3,38.5
130,1d,M,1,3,1M3,38.5
130,1d,M,1,3,1M3,38.5
130,1d,M,1,3,1M3,41
130,1d,M,1,3,1M3,41
130,1d,M,1,3,1M3,43
130,1d,M,1,3,1M3,43
130,1d,M,1,3,1M3,43
130,1d,M,1,3,1M3,45.5
130,1d,M,1,3,1M3,45.5
130,1d,M,1,3,1M3,45.5
130,1d,M,1,3,1M3,45.5
130,1d,M,1,3,1M3,45.5
130,1d,M,1,3,1M3,50
130,1d,M,1,3,1M3,50
130,1d,M,1,3,1M3,52.5
130,1d,M,1,3,1M3,52.5
130,1d,M,1,3,1M3,52.5
130,1d,M,1,3,1M3,52.5
130,1d,M,1,3,1M3,52.5
130,1d,M,1,3,1M3,52.5
130,1d,M,1,3,1M3,57
130,1d,M,1,3,1M3,59.5
131,1d,M,1,3,1M3,1
131,1d,M,1,3,1M3,20
131,1d,M,1,3,1M3,24.5
131,1d,M,1,3,1M3,31.5
131,1d,M,1,3,1M3,34
131,1d,M,1,3,1M3,36
131,1d,M,1,3,1M3,36
131,1d,M,1,3,1M3,36
131,1d,M,1,3,1M3,36
131,1d,M,1,3,1M3,36
131,1d,M,1,3,1M3,36
131,1d,M,1,3,1M3,36
131,1d,M,1,3,1M3,36
131,1d,M,1,3,1M3,36
131,1d,M,1,3,1M3,38.5
131,1d,M,1,3,1M3,38.5
131,1d,M,1,3,1M3,38.5
131,1d,M,1,3,1M3,38.5
131,1d,M,1,3,1M3,41
131,1d,M,1,3,1M3,41
131,1d,M,1,3,1M3,43
131,1d,M,1,3,1M3,43
131,1d,M,1,3,1M3,43
131,1d,M,1,3,1M3,43
131,1d,M,1,3,1M3,43
131,1d,M,1,3,1M3,45.5
131,1d,M,1,3,1M3,45.5
131,1d,M,1,3,1M3,45.5
131,1d,M,1,3,1M3,45.5
131,1d,M,1,3,1M3,45.5
131,1d,M,1,3,1M3,45.5
131,1d,M,1,3,1M3,45.5
131,1d,M,1,3,1M3,45.5
131,1d,M,1,3,1M3,50
131,1d,M,1,3,1M3,50
131,1d,M,1,3,1M3,50
131,1d,M,1,3,1M3,52.5
131,1d,M,1,3,1M3,59.5
131,1d,M,1,3,1M3,64
131,1d,M,1,3,1M3,64
132,1d,M,1,3,1M3,8
132,1d,M,1,3,1M3,17.5
132,1d,M,1,3,1M3,22
132,1d,M,1,3,1M3,27
132,1d,M,1,3,1M3,31.5
132,1d,M,1,3,1M3,31.5
132,1d,M,1,3,1M3,34
132,1d,M,1,3,1M3,36
132,1d,M,1,3,1M3,36
132,1d,M,1,3,1M3,36
132,1d,M,1,3,1M3,38.5
132,1d,M,1,3,1M3,38.5
132,1d,M,1,3,1M3,38.5
132,1d,M,1,3,1M3,38.5
132,1d,M,1,3,1M3,38.5
132,1d,M,1,3,1M3,38.5
132,1d,M,1,3,1M3,41
132,1d,M,1,3,1M3,41
132,1d,M,1,3,1M3,41
132,1d,M,1,3,1M3,41
132,1d,M,1,3,1M3,41
132,1d,M,1,3,1M3,41
132,1d,M,1,3,1M3,41
132,1d,M,1,3,1M3,43
132,1d,M,1,3,1M3,43
132,1d,M,1,3,1M3,45.5
132,1d,M,1,3,1M3,45.5
132,1d,M,1,3,1M3,45.5
132,1d,M,1,3,1M3,45.5
132,1d,M,1,3,1M3,45.5
132,1d,M,1,3,1M3,45.5
132,1d,M,1,3,1M3,45.5
132,1d,M,1,3,1M3,45.5
132,1d,M,1,3,1M3,45.5
132,1d,M,1,3,1M3,45.5
132,1d,M,1,3,1M3,45.5
132,1d,M,1,3,1M3,45.5
132,1d,M,1,3,1M3,52.5
132,1d,M,1,3,1M3,52.5
132,1d,M,1,3,1M3,52.5
82,1d,M,1,4,1M4,17.5
82,1d,M,1,4,1M4,17.5
82,1d,M,1,4,1M4,29
82,1d,M,1,4,1M4,36
82,1d,M,1,4,1M4,38.5
82,1d,M,1,4,1M4,38.5
82,1d,M,1,4,1M4,38.5
82,1d,M,1,4,1M4,38.5
82,1d,M,1,4,1M4,38.5
82,1d,M,1,4,1M4,41
82,1d,M,1,4,1M4,41
82,1d,M,1,4,1M4,43
82,1d,M,1,4,1M4,45.5
82,1d,M,1,4,1M4,48
82,1d,M,1,4,1M4,48
82,1d,M,1,4,1M4,50
82,1d,M,1,4,1M4,50
82,1d,M,1,4,1M4,52.5
82,1d,M,1,4,1M4,52.5
82,1d,M,1,4,1M4,52.5
82,1d,M,1,4,1M4,52.5
82,1d,M,1,4,1M4,55
82,1d,M,1,4,1M4,55
82,1d,M,1,4,1M4,57
82,1d,M,1,4,1M4,57
82,1d,M,1,4,1M4,57
82,1d,M,1,4,1M4,59.5
82,1d,M,1,4,1M4,62
82,1d,M,1,4,1M4,62
82,1d,M,1,4,1M4,62
82,1d,M,1,4,1M4,64
82,1d,M,1,4,1M4,66.5
82,1d,M,1,4,1M4,66.5
82,1d,M,1,4,1M4,66.5
82,1d,M,1,4,1M4,69
82,1d,M,1,4,1M4,69
82,1d,M,1,4,1M4,73.5
82,1d,M,1,4,1M4,73.5
82,1d,M,1,4,1M4,73.5
82,1d,M,1,4,1M4,78
83,1d,M,1,4,1M4,29
83,1d,M,1,4,1M4,29
83,1d,M,1,4,1M4,31.5
83,1d,M,1,4,1M4,36
83,1d,M,1,4,1M4,36
83,1d,M,1,4,1M4,38.5
83,1d,M,1,4,1M4,41
83,1d,M,1,4,1M4,41
83,1d,M,1,4,1M4,41
83,1d,M,1,4,1M4,43
83,1d,M,1,4,1M4,45.5
83,1d,M,1,4,1M4,45.5
83,1d,M,1,4,1M4,45.5
83,1d,M,1,4,1M4,48
83,1d,M,1,4,1M4,48
83,1d,M,1,4,1M4,50
83,1d,M,1,4,1M4,52.5
83,1d,M,1,4,1M4,52.5
83,1d,M,1,4,1M4,52.5
83,1d,M,1,4,1M4,52.5
83,1d,M,1,4,1M4,52.5
83,1d,M,1,4,1M4,52.5
83,1d,M,1,4,1M4,52.5
83,1d,M,1,4,1M4,52.5
83,1d,M,1,4,1M4,55
83,1d,M,1,4,1M4,55
83,1d,M,1,4,1M4,55
83,1d,M,1,4,1M4,57
83,1d,M,1,4,1M4,57
83,1d,M,1,4,1M4,57
83,1d,M,1,4,1M4,62
83,1d,M,1,4,1M4,62
83,1d,M,1,4,1M4,64
83,1d,M,1,4,1M4,64
83,1d,M,1,4,1M4,66.5
83,1d,M,1,4,1M4,66.5
83,1d,M,1,4,1M4,69
83,1d,M,1,4,1M4,69
83,1d,M,1,4,1M4,73.5
83,1d,M,1,4,1M4,73.5
84,1d,M,1,4,1M4,36
84,1d,M,1,4,1M4,36
84,1d,M,1,4,1M4,38.5
84,1d,M,1,4,1M4,45.5
84,1d,M,1,4,1M4,45.5
84,1d,M,1,4,1M4,45.5
84,1d,M,1,4,1M4,45.5
84,1d,M,1,4,1M4,45.5
84,1d,M,1,4,1M4,48
84,1d,M,1,4,1M4,48
84,1d,M,1,4,1M4,48
84,1d,M,1,4,1M4,48
84,1d,M,1,4,1M4,50
84,1d,M,1,4,1M4,50
84,1d,M,1,4,1M4,50
84,1d,M,1,4,1M4,52.5
84,1d,M,1,4,1M4,52.5
84,1d,M,1,4,1M4,52.5
84,1d,M,1,4,1M4,52.5
84,1d,M,1,4,1M4,52.5
84,1d,M,1,4,1M4,55
84,1d,M,1,4,1M4,57
84,1d,M,1,4,1M4,57
84,1d,M,1,4,1M4,57
84,1d,M,1,4,1M4,57
84,1d,M,1,4,1M4,59.5
84,1d,M,1,4,1M4,59.5
84,1d,M,1,4,1M4,59.5
84,1d,M,1,4,1M4,59.5
84,1d,M,1,4,1M4,59.5
84,1d,M,1,4,1M4,59.5
84,1d,M,1,4,1M4,59.5
84,1d,M,1,4,1M4,62
84,1d,M,1,4,1M4,62
84,1d,M,1,4,1M4,64
84,1d,M,1,4,1M4,66.5
84,1d,M,1,4,1M4,66.5
84,1d,M,1,4,1M4,66.5
84,1d,M,1,4,1M4,69
84,1d,M,1,4,1M4,71
169,3a,M,3,1,3M1,10.5
169,3a,M,3,1,3M1,29
169,3a,M,3,1,3M1,29
169,3a,M,3,1,3M1,31.5
169,3a,M,3,1,3M1,31.5
169,3a,M,3,1,3M1,31.5
169,3a,M,3,1,3M1,34
169,3a,M,3,1,3M1,36
169,3a,M,3,1,3M1,36
169,3a,M,3,1,3M1,38.5
169,3a,M,3,1,3M1,38.5
169,3a,M,3,1,3M1,41
169,3a,M,3,1,3M1,45.5
169,3a,M,3,1,3M1,45.5
169,3a,M,3,1,3M1,45.5
169,3a,M,3,1,3M1,45.5
169,3a,M,3,1,3M1,45.5
169,3a,M,3,1,3M1,45.5
169,3a,M,3,1,3M1,45.5
169,3a,M,3,1,3M1,45.5
169,3a,M,3,1,3M1,45.5
169,3a,M,3,1,3M1,45.5
169,3a,M,3,1,3M1,45.5
169,3a,M,3,1,3M1,45.5
169,3a,M,3,1,3M1,45.5
169,3a,M,3,1,3M1,45.5
169,3a,M,3,1,3M1,48
169,3a,M,3,1,3M1,48
169,3a,M,3,1,3M1,48
169,3a,M,3,1,3M1,48
169,3a,M,3,1,3M1,50
169,3a,M,3,1,3M1,50
169,3a,M,3,1,3M1,52.5
169,3a,M,3,1,3M1,52.5
169,3a,M,3,1,3M1,52.5
169,3a,M,3,1,3M1,62
169,3a,M,3,1,3M1,62
169,3a,M,3,1,3M1,64
169,3a,M,3,1,3M1,64
169,3a,M,3,1,3M1,66.5
170,3a,M,3,1,3M1,22
170,3a,M,3,1,3M1,24.5
170,3a,M,3,1,3M1,34
170,3a,M,3,1,3M1,34
170,3a,M,3,1,3M1,34
170,3a,M,3,1,3M1,36
170,3a,M,3,1,3M1,38.5
170,3a,M,3,1,3M1,41
170,3a,M,3,1,3M1,43
170,3a,M,3,1,3M1,43
170,3a,M,3,1,3M1,45.5
170,3a,M,3,1,3M1,45.5
170,3a,M,3,1,3M1,45.5
170,3a,M,3,1,3M1,45.5
170,3a,M,3,1,3M1,45.5
170,3a,M,3,1,3M1,45.5
170,3a,M,3,1,3M1,45.5
170,3a,M,3,1,3M1,45.5
170,3a,M,3,1,3M1,45.5
170,3a,M,3,1,3M1,45.5
170,3a,M,3,1,3M1,45.5
170,3a,M,3,1,3M1,48
170,3a,M,3,1,3M1,48
170,3a,M,3,1,3M1,48
170,3a,M,3,1,3M1,48
170,3a,M,3,1,3M1,48
170,3a,M,3,1,3M1,50
170,3a,M,3,1,3M1,50
170,3a,M,3,1,3M1,52.5
170,3a,M,3,1,3M1,52.5
170,3a,M,3,1,3M1,52.5
170,3a,M,3,1,3M1,52.5
170,3a,M,3,1,3M1,52.5
170,3a,M,3,1,3M1,55
170,3a,M,3,1,3M1,55
170,3a,M,3,1,3M1,57
170,3a,M,3,1,3M1,57
170,3a,M,3,1,3M1,59.5
170,3a,M,3,1,3M1,66.5
170,3a,M,3,1,3M1,73.5
171,3a,M,3,1,3M1,8
171,3a,M,3,1,3M1,31.5
171,3a,M,3,1,3M1,31.5
171,3a,M,3,1,3M1,31.5
171,3a,M,3,1,3M1,41
171,3a,M,3,1,3M1,41
171,3a,M,3,1,3M1,43
171,3a,M,3,1,3M1,45.5
171,3a,M,3,1,3M1,45.5
171,3a,M,3,1,3M1,45.5
171,3a,M,3,1,3M1,45.5
171,3a,M,3,1,3M1,48
171,3a,M,3,1,3M1,48
171,3a,M,3,1,3M1,48
171,3a,M,3,1,3M1,48
171,3a,M,3,1,3M1,48
171,3a,M,3,1,3M1,48
171,3a,M,3,1,3M1,50
171,3a,M,3,1,3M1,50
171,3a,M,3,1,3M1,50
171,3a,M,3,1,3M1,50
171,3a,M,3,1,3M1,50
171,3a,M,3,1,3M1,50
171,3a,M,3,1,3M1,50
171,3a,M,3,1,3M1,52.5
171,3a,M,3,1,3M1,52.5
171,3a,M,3,1,3M1,52.5
171,3a,M,3,1,3M1,52.5
171,3a,M,3,1,3M1,52.5
171,3a,M,3,1,3M1,52.5
171,3a,M,3,1,3M1,52.5
171,3a,M,3,1,3M1,52.5
171,3a,M,3,1,3M1,52.5
171,3a,M,3,1,3M1,57
171,3a,M,3,1,3M1,59.5
171,3a,M,3,1,3M1,59.5
171,3a,M,3,1,3M1,59.5
171,3a,M,3,1,3M1,59.5
171,3a,M,3,1,3M1,59.5
171,3a,M,3,1,3M1,66.5
193,3a,M,3,3,3M3,17.5
193,3a,M,3,3,3M3,22
193,3a,M,3,3,3M3,31.5
193,3a,M,3,3,3M3,31.5
193,3a,M,3,3,3M3,34
193,3a,M,3,3,3M3,36
193,3a,M,3,3,3M3,36
193,3a,M,3,3,3M3,36
193,3a,M,3,3,3M3,36
193,3a,M,3,3,3M3,36
193,3a,M,3,3,3M3,36
193,3a,M,3,3,3M3,36
193,3a,M,3,3,3M3,38.5
193,3a,M,3,3,3M3,38.5
193,3a,M,3,3,3M3,38.5
193,3a,M,3,3,3M3,41
193,3a,M,3,3,3M3,41
193,3a,M,3,3,3M3,41
193,3a,M,3,3,3M3,41
193,3a,M,3,3,3M3,41
193,3a,M,3,3,3M3,41
193,3a,M,3,3,3M3,41
193,3a,M,3,3,3M3,43
193,3a,M,3,3,3M3,43
193,3a,M,3,3,3M3,45.5
193,3a,M,3,3,3M3,45.5
193,3a,M,3,3,3M3,45.5
193,3a,M,3,3,3M3,45.5
193,3a,M,3,3,3M3,48
193,3a,M,3,3,3M3,48
193,3a,M,3,3,3M3,48
193,3a,M,3,3,3M3,48
193,3a,M,3,3,3M3,50
193,3a,M,3,3,3M3,50
193,3a,M,3,3,3M3,50
193,3a,M,3,3,3M3,50
193,3a,M,3,3,3M3,52.5
193,3a,M,3,3,3M3,52.5
193,3a,M,3,3,3M3,52.5
193,3a,M,3,3,3M3,64
194,3a,M,3,3,3M3,1
194,3a,M,3,3,3M3,17.5
194,3a,M,3,3,3M3,27
194,3a,M,3,3,3M3,31.5
194,3a,M,3,3,3M3,31.5
194,3a,M,3,3,3M3,34
194,3a,M,3,3,3M3,36
194,3a,M,3,3,3M3,36
194,3a,M,3,3,3M3,36
194,3a,M,3,3,3M3,36
194,3a,M,3,3,3M3,36
194,3a,M,3,3,3M3,38.5
194,3a,M,3,3,3M3,38.5
194,3a,M,3,3,3M3,38.5
194,3a,M,3,3,3M3,38.5
194,3a,M,3,3,3M3,38.5
194,3a,M,3,3,3M3,38.5
194,3a,M,3,3,3M3,41
194,3a,M,3,3,3M3,41
194,3a,M,3,3,3M3,41
194,3a,M,3,3,3M3,41
194,3a,M,3,3,3M3,43
194,3a,M,3,3,3M3,43
194,3a,M,3,3,3M3,43
194,3a,M,3,3,3M3,43
194,3a,M,3,3,3M3,45.5
194,3a,M,3,3,3M3,45.5
194,3a,M,3,3,3M3,45.5
194,3a,M,3,3,3M3,48
194,3a,M,3,3,3M3,48
194,3a,M,3,3,3M3,48
194,3a,M,3,3,3M3,48
194,3a,M,3,3,3M3,50
194,3a,M,3,3,3M3,50
194,3a,M,3,3,3M3,50
194,3a,M,3,3,3M3,50
194,3a,M,3,3,3M3,50
194,3a,M,3,3,3M3,50
194,3a,M,3,3,3M3,52.5
194,3a,M,3,3,3M3,52.5
195,3a,M,3,3,3M3,17.5
195,3a,M,3,3,3M3,27
195,3a,M,3,3,3M3,31.5
195,3a,M,3,3,3M3,31.5
195,3a,M,3,3,3M3,31.5
195,3a,M,3,3,3M3,31.5
195,3a,M,3,3,3M3,34
195,3a,M,3,3,3M3,36
195,3a,M,3,3,3M3,36
195,3a,M,3,3,3M3,36
195,3a,M,3,3,3M3,36
195,3a,M,3,3,3M3,38.5
195,3a,M,3,3,3M3,38.5
195,3a,M,3,3,3M3,38.5
195,3a,M,3,3,3M3,38.5
195,3a,M,3,3,3M3,41
195,3a,M,3,3,3M3,41
195,3a,M,3,3,3M3,41
195,3a,M,3,3,3M3,43
195,3a,M,3,3,3M3,43
195,3a,M,3,3,3M3,43
195,3a,M,3,3,3M3,45.5
195,3a,M,3,3,3M3,45.5
195,3a,M,3,3,3M3,45.5
195,3a,M,3,3,3M3,45.5
195,3a,M,3,3,3M3,45.5
195,3a,M,3,3,3M3,45.5
195,3a,M,3,3,3M3,45.5
195,3a,M,3,3,3M3,45.5
195,3a,M,3,3,3M3,45.5
195,3a,M,3,3,3M3,48
195,3a,M,3,3,3M3,48
195,3a,M,3,3,3M3,50
195,3a,M,3,3,3M3,50
195,3a,M,3,3,3M3,50
195,3a,M,3,3,3M3,50
195,3a,M,3,3,3M3,52.5
195,3a,M,3,3,3M3,52.5
195,3a,M,3,3,3M3,52.5
195,3a,M,3,3,3M3,52.5
145,3a,M,3,4,3M4,15
145,3a,M,3,4,3M4,29
145,3a,M,3,4,3M4,36
145,3a,M,3,4,3M4,36
145,3a,M,3,4,3M4,36
145,3a,M,3,4,3M4,36
145,3a,M,3,4,3M4,38.5
145,3a,M,3,4,3M4,38.5
145,3a,M,3,4,3M4,38.5
145,3a,M,3,4,3M4,43
145,3a,M,3,4,3M4,43
145,3a,M,3,4,3M4,43
145,3a,M,3,4,3M4,45.5
145,3a,M,3,4,3M4,45.5
145,3a,M,3,4,3M4,45.5
145,3a,M,3,4,3M4,45.5
145,3a,M,3,4,3M4,48
145,3a,M,3,4,3M4,48
145,3a,M,3,4,3M4,48
145,3a,M,3,4,3M4,48
145,3a,M,3,4,3M4,50
145,3a,M,3,4,3M4,50
145,3a,M,3,4,3M4,50
145,3a,M,3,4,3M4,50
145,3a,M,3,4,3M4,50
145,3a,M,3,4,3M4,50
145,3a,M,3,4,3M4,50
145,3a,M,3,4,3M4,52.5
145,3a,M,3,4,3M4,52.5
145,3a,M,3,4,3M4,55
145,3a,M,3,4,3M4,57
145,3a,M,3,4,3M4,57
145,3a,M,3,4,3M4,59.5
145,3a,M,3,4,3M4,62
145,3a,M,3,4,3M4,64
145,3a,M,3,4,3M4,64
145,3a,M,3,4,3M4,66.5
145,3a,M,3,4,3M4,66.5
145,3a,M,3,4,3M4,66.5
145,3a,M,3,4,3M4,71
146,3a,M,3,4,3M4,17.5
146,3a,M,3,4,3M4,20
146,3a,M,3,4,3M4,24.5
146,3a,M,3,4,3M4,24.5
146,3a,M,3,4,3M4,24.5
146,3a,M,3,4,3M4,31.5
146,3a,M,3,4,3M4,36
146,3a,M,3,4,3M4,38.5
146,3a,M,3,4,3M4,43
146,3a,M,3,4,3M4,43
146,3a,M,3,4,3M4,43
146,3a,M,3,4,3M4,43
146,3a,M,3,4,3M4,45.5
146,3a,M,3,4,3M4,45.5
146,3a,M,3,4,3M4,45.5
146,3a,M,3,4,3M4,45.5
146,3a,M,3,4,3M4,48
146,3a,M,3,4,3M4,48
146,3a,M,3,4,3M4,48
146,3a,M,3,4,3M4,48
146,3a,M,3,4,3M4,48
146,3a,M,3,4,3M4,48
146,3a,M,3,4,3M4,48
146,3a,M,3,4,3M4,50
146,3a,M,3,4,3M4,50
146,3a,M,3,4,3M4,50
146,3a,M,3,4,3M4,52.5
146,3a,M,3,4,3M4,52.5
146,3a,M,3,4,3M4,52.5
146,3a,M,3,4,3M4,52.5
146,3a,M,3,4,3M4,55
146,3a,M,3,4,3M4,55
146,3a,M,3,4,3M4,55
146,3a,M,3,4,3M4,57
146,3a,M,3,4,3M4,57
146,3a,M,3,4,3M4,64
146,3a,M,3,4,3M4,66.5
146,3a,M,3,4,3M4,66.5
146,3a,M,3,4,3M4,71
146,3a,M,3,4,3M4,78
147,3a,M,3,4,3M4,24.5
147,3a,M,3,4,3M4,27
147,3a,M,3,4,3M4,29
147,3a,M,3,4,3M4,29
147,3a,M,3,4,3M4,29
147,3a,M,3,4,3M4,34
147,3a,M,3,4,3M4,34
147,3a,M,3,4,3M4,36
147,3a,M,3,4,3M4,36
147,3a,M,3,4,3M4,36
147,3a,M,3,4,3M4,38.5
147,3a,M,3,4,3M4,38.5
147,3a,M,3,4,3M4,43
147,3a,M,3,4,3M4,45.5
147,3a,M,3,4,3M4,45.5
147,3a,M,3,4,3M4,45.5
147,3a,M,3,4,3M4,48
147,3a,M,3,4,3M4,48
147,3a,M,3,4,3M4,50
147,3a,M,3,4,3M4,50
147,3a,M,3,4,3M4,50
147,3a,M,3,4,3M4,52.5
147,3a,M,3,4,3M4,52.5
147,3a,M,3,4,3M4,55
147,3a,M,3,4,3M4,55
147,3a,M,3,4,3M4,55
147,3a,M,3,4,3M4,57
147,3a,M,3,4,3M4,57
147,3a,M,3,4,3M4,59.5
147,3a,M,3,4,3M4,59.5
147,3a,M,3,4,3M4,62
147,3a,M,3,4,3M4,62
147,3a,M,3,4,3M4,64
147,3a,M,3,4,3M4,66.5
147,3a,M,3,4,3M4,69
147,3a,M,3,4,3M4,69
147,3a,M,3,4,3M4,73.5
147,3a,M,3,4,3M4,73.5
147,3a,M,3,4,3M4,73.5
147,3a,M,3,4,3M4,85
172,3b,M,3,1,3M1,8
172,3b,M,3,1,3M1,29
172,3b,M,3,1,3M1,31.5
172,3b,M,3,1,3M1,31.5
172,3b,M,3,1,3M1,31.5
172,3b,M,3,1,3M1,31.5
172,3b,M,3,1,3M1,31.5
172,3b,M,3,1,3M1,31.5
172,3b,M,3,1,3M1,31.5
172,3b,M,3,1,3M1,34
172,3b,M,3,1,3M1,36
172,3b,M,3,1,3M1,38.5
172,3b,M,3,1,3M1,38.5
172,3b,M,3,1,3M1,38.5
172,3b,M,3,1,3M1,38.5
172,3b,M,3,1,3M1,38.5
172,3b,M,3,1,3M1,41
172,3b,M,3,1,3M1,43
172,3b,M,3,1,3M1,45.5
172,3b,M,3,1,3M1,45.5
172,3b,M,3,1,3M1,45.5
172,3b,M,3,1,3M1,45.5
172,3b,M,3,1,3M1,48
172,3b,M,3,1,3M1,48
172,3b,M,3,1,3M1,50
172,3b,M,3,1,3M1,50
172,3b,M,3,1,3M1,50
172,3b,M,3,1,3M1,50
172,3b,M,3,1,3M1,50
172,3b,M,3,1,3M1,52.5
172,3b,M,3,1,3M1,52.5
172,3b,M,3,1,3M1,52.5
172,3b,M,3,1,3M1,52.5
172,3b,M,3,1,3M1,52.5
172,3b,M,3,1,3M1,59.5
172,3b,M,3,1,3M1,59.5
172,3b,M,3,1,3M1,62
172,3b,M,3,1,3M1,66.5
172,3b,M,3,1,3M1,73.5
173,3b,M,3,1,3M1,15
173,3b,M,3,1,3M1,15
173,3b,M,3,1,3M1,17.5
173,3b,M,3,1,3M1,17.5
173,3b,M,3,1,3M1,17.5
173,3b,M,3,1,3M1,29
173,3b,M,3,1,3M1,31.5
173,3b,M,3,1,3M1,34
173,3b,M,3,1,3M1,34
173,3b,M,3,1,3M1,36
173,3b,M,3,1,3M1,36
173,3b,M,3,1,3M1,38.5
173,3b,M,3,1,3M1,38.5
173,3b,M,3,1,3M1,38.5
173,3b,M,3,1,3M1,41
173,3b,M,3,1,3M1,41
173,3b,M,3,1,3M1,43
173,3b,M,3,1,3M1,43
173,3b,M,3,1,3M1,45.5
173,3b,M,3,1,3M1,45.5
173,3b,M,3,1,3M1,45.5
173,3b,M,3,1,3M1,45.5
173,3b,M,3,1,3M1,45.5
173,3b,M,3,1,3M1,45.5
173,3b,M,3,1,3M1,45.5
173,3b,M,3,1,3M1,48
173,3b,M,3,1,3M1,48
173,3b,M,3,1,3M1,48
173,3b,M,3,1,3M1,52.5
173,3b,M,3,1,3M1,52.5
173,3b,M,3,1,3M1,52.5
173,3b,M,3,1,3M1,52.5
173,3b,M,3,1,3M1,52.5
173,3b,M,3,1,3M1,52.5
173,3b,M,3,1,3M1,59.5
173,3b,M,3,1,3M1,62
173,3b,M,3,1,3M1,66.5
173,3b,M,3,1,3M1,66.5
173,3b,M,3,1,3M1,66.5
173,3b,M,3,1,3M1,66.5
174,3b,M,3,1,3M1,8
174,3b,M,3,1,3M1,24.5
174,3b,M,3,1,3M1,24.5
174,3b,M,3,1,3M1,34
174,3b,M,3,1,3M1,34
174,3b,M,3,1,3M1,36
174,3b,M,3,1,3M1,36
174,3b,M,3,1,3M1,36
174,3b,M,3,1,3M1,38.5
174,3b,M,3,1,3M1,38.5
174,3b,M,3,1,3M1,41
174,3b,M,3,1,3M1,41
174,3b,M,3,1,3M1,41
174,3b,M,3,1,3M1,41
174,3b,M,3,1,3M1,41
174,3b,M,3,1,3M1,41
174,3b,M,3,1,3M1,45.5
174,3b,M,3,1,3M1,45.5
174,3b,M,3,1,3M1,45.5
174,3b,M,3,1,3M1,45.5
174,3b,M,3,1,3M1,45.5
174,3b,M,3,1,3M1,45.5
174,3b,M,3,1,3M1,45.5
174,3b,M,3,1,3M1,50
174,3b,M,3,1,3M1,50
174,3b,M,3,1,3M1,50
174,3b,M,3,1,3M1,52.5
174,3b,M,3,1,3M1,52.5
174,3b,M,3,1,3M1,52.5
174,3b,M,3,1,3M1,57
174,3b,M,3,1,3M1,57
174,3b,M,3,1,3M1,59.5
174,3b,M,3,1,3M1,59.5
174,3b,M,3,1,3M1,59.5
174,3b,M,3,1,3M1,62
174,3b,M,3,1,3M1,62
174,3b,M,3,1,3M1,66.5
174,3b,M,3,1,3M1,66.5
174,3b,M,3,1,3M1,66.5
174,3b,M,3,1,3M1,71
196,3b,M,3,3,3M3,27
196,3b,M,3,3,3M3,27
196,3b,M,3,3,3M3,27
196,3b,M,3,3,3M3,29
196,3b,M,3,3,3M3,31.5
196,3b,M,3,3,3M3,31.5
196,3b,M,3,3,3M3,31.5
196,3b,M,3,3,3M3,31.5
196,3b,M,3,3,3M3,31.5
196,3b,M,3,3,3M3,34
196,3b,M,3,3,3M3,34
196,3b,M,3,3,3M3,34
196,3b,M,3,3,3M3,36
196,3b,M,3,3,3M3,36
196,3b,M,3,3,3M3,36
196,3b,M,3,3,3M3,36
196,3b,M,3,3,3M3,36
196,3b,M,3,3,3M3,38.5
196,3b,M,3,3,3M3,38.5
196,3b,M,3,3,3M3,38.5
196,3b,M,3,3,3M3,38.5
196,3b,M,3,3,3M3,41
196,3b,M,3,3,3M3,43
196,3b,M,3,3,3M3,43
196,3b,M,3,3,3M3,43
196,3b,M,3,3,3M3,43
196,3b,M,3,3,3M3,43
196,3b,M,3,3,3M3,43
196,3b,M,3,3,3M3,43
196,3b,M,3,3,3M3,45.5
196,3b,M,3,3,3M3,45.5
196,3b,M,3,3,3M3,45.5
196,3b,M,3,3,3M3,45.5
196,3b,M,3,3,3M3,45.5
196,3b,M,3,3,3M3,45.5
196,3b,M,3,3,3M3,48
196,3b,M,3,3,3M3,48
196,3b,M,3,3,3M3,50
196,3b,M,3,3,3M3,50
196,3b,M,3,3,3M3,50
197,3b,M,3,3,3M3,1
197,3b,M,3,3,3M3,8
197,3b,M,3,3,3M3,27
197,3b,M,3,3,3M3,29
197,3b,M,3,3,3M3,31.5
197,3b,M,3,3,3M3,31.5
197,3b,M,3,3,3M3,31.5
197,3b,M,3,3,3M3,31.5
197,3b,M,3,3,3M3,31.5
197,3b,M,3,3,3M3,31.5
197,3b,M,3,3,3M3,34
197,3b,M,3,3,3M3,36
197,3b,M,3,3,3M3,36
197,3b,M,3,3,3M3,36
197,3b,M,3,3,3M3,38.5
197,3b,M,3,3,3M3,38.5
197,3b,M,3,3,3M3,38.5
197,3b,M,3,3,3M3,38.5
197,3b,M,3,3,3M3,38.5
197,3b,M,3,3,3M3,38.5
197,3b,M,3,3,3M3,41
197,3b,M,3,3,3M3,41
197,3b,M,3,3,3M3,41
197,3b,M,3,3,3M3,43
197,3b,M,3,3,3M3,43
197,3b,M,3,3,3M3,43
197,3b,M,3,3,3M3,45.5
197,3b,M,3,3,3M3,45.5
197,3b,M,3,3,3M3,45.5
197,3b,M,3,3,3M3,45.5
197,3b,M,3,3,3M3,45.5
197,3b,M,3,3,3M3,45.5
197,3b,M,3,3,3M3,45.5
197,3b,M,3,3,3M3,45.5
197,3b,M,3,3,3M3,48
197,3b,M,3,3,3M3,48
197,3b,M,3,3,3M3,48
197,3b,M,3,3,3M3,50
197,3b,M,3,3,3M3,55
197,3b,M,3,3,3M3,59.5
198,3b,M,3,3,3M3,24.5
198,3b,M,3,3,3M3,27
198,3b,M,3,3,3M3,27
198,3b,M,3,3,3M3,29
198,3b,M,3,3,3M3,31.5
198,3b,M,3,3,3M3,31.5
198,3b,M,3,3,3M3,34
198,3b,M,3,3,3M3,34
198,3b,M,3,3,3M3,34
198,3b,M,3,3,3M3,34
198,3b,M,3,3,3M3,36
198,3b,M,3,3,3M3,36
198,3b,M,3,3,3M3,36
198,3b,M,3,3,3M3,36
198,3b,M,3,3,3M3,36
198,3b,M,3,3,3M3,36
198,3b,M,3,3,3M3,36
198,3b,M,3,3,3M3,38.5
198,3b,M,3,3,3M3,38.5
198,3b,M,3,3,3M3,38.5
198,3b,M,3,3,3M3,38.5
198,3b,M,3,3,3M3,38.5
198,3b,M,3,3,3M3,41
198,3b,M,3,3,3M3,41
198,3b,M,3,3,3M3,41
198,3b,M,3,3,3M3,41
198,3b,M,3,3,3M3,41
198,3b,M,3,3,3M3,43
198,3b,M,3,3,3M3,43
198,3b,M,3,3,3M3,43
198,3b,M,3,3,3M3,43
198,3b,M,3,3,3M3,45.5
198,3b,M,3,3,3M3,48
198,3b,M,3,3,3M3,48
198,3b,M,3,3,3M3,50
198,3b,M,3,3,3M3,50
198,3b,M,3,3,3M3,50
198,3b,M,3,3,3M3,52.5
198,3b,M,3,3,3M3,52.5
198,3b,M,3,3,3M3,52.5
148,3b,M,3,4,3M4,1
148,3b,M,3,4,3M4,24.5
148,3b,M,3,4,3M4,24.5
148,3b,M,3,4,3M4,27
148,3b,M,3,4,3M4,29
148,3b,M,3,4,3M4,29
148,3b,M,3,4,3M4,31.5
148,3b,M,3,4,3M4,34
148,3b,M,3,4,3M4,34
148,3b,M,3,4,3M4,34
148,3b,M,3,4,3M4,34
148,3b,M,3,4,3M4,34
148,3b,M,3,4,3M4,38.5
148,3b,M,3,4,3M4,38.5
148,3b,M,3,4,3M4,38.5
148,3b,M,3,4,3M4,41
148,3b,M,3,4,3M4,41
148,3b,M,3,4,3M4,41
148,3b,M,3,4,3M4,43
148,3b,M,3,4,3M4,45.5
148,3b,M,3,4,3M4,45.5
148,3b,M,3,4,3M4,45.5
148,3b,M,3,4,3M4,45.5
148,3b,M,3,4,3M4,45.5
148,3b,M,3,4,3M4,48
148,3b,M,3,4,3M4,48
148,3b,M,3,4,3M4,52.5
148,3b,M,3,4,3M4,52.5
148,3b,M,3,4,3M4,52.5
148,3b,M,3,4,3M4,52.5
148,3b,M,3,4,3M4,55
148,3b,M,3,4,3M4,55
148,3b,M,3,4,3M4,57
148,3b,M,3,4,3M4,57
148,3b,M,3,4,3M4,59.5
148,3b,M,3,4,3M4,59.5
148,3b,M,3,4,3M4,59.5
148,3b,M,3,4,3M4,62
148,3b,M,3,4,3M4,71
148,3b,M,3,4,3M4,71
149,3b,M,3,4,3M4,8
149,3b,M,3,4,3M4,8
149,3b,M,3,4,3M4,8
149,3b,M,3,4,3M4,13
149,3b,M,3,4,3M4,24.5
149,3b,M,3,4,3M4,24.5
149,3b,M,3,4,3M4,24.5
149,3b,M,3,4,3M4,27
149,3b,M,3,4,3M4,31.5
149,3b,M,3,4,3M4,31.5
149,3b,M,3,4,3M4,31.5
149,3b,M,3,4,3M4,34
149,3b,M,3,4,3M4,36
149,3b,M,3,4,3M4,38.5
149,3b,M,3,4,3M4,38.5
149,3b,M,3,4,3M4,38.5
149,3b,M,3,4,3M4,38.5
149,3b,M,3,4,3M4,38.5
149,3b,M,3,4,3M4,41
149,3b,M,3,4,3M4,41
149,3b,M,3,4,3M4,43
149,3b,M,3,4,3M4,45.5
149,3b,M,3,4,3M4,45.5
149,3b,M,3,4,3M4,45.5
149,3b,M,3,4,3M4,45.5
149,3b,M,3,4,3M4,45.5
149,3b,M,3,4,3M4,48
149,3b,M,3,4,3M4,48
149,3b,M,3,4,3M4,48
149,3b,M,3,4,3M4,50
149,3b,M,3,4,3M4,50
149,3b,M,3,4,3M4,52.5
149,3b,M,3,4,3M4,52.5
149,3b,M,3,4,3M4,55
149,3b,M,3,4,3M4,59.5
149,3b,M,3,4,3M4,59.5
149,3b,M,3,4,3M4,59.5
149,3b,M,3,4,3M4,59.5
149,3b,M,3,4,3M4,64
149,3b,M,3,4,3M4,73.5
150,3b,M,3,4,3M4,22
150,3b,M,3,4,3M4,24.5
150,3b,M,3,4,3M4,29
150,3b,M,3,4,3M4,31.5
150,3b,M,3,4,3M4,34
150,3b,M,3,4,3M4,34
150,3b,M,3,4,3M4,34
150,3b,M,3,4,3M4,34
150,3b,M,3,4,3M4,36
150,3b,M,3,4,3M4,36
150,3b,M,3,4,3M4,36
150,3b,M,3,4,3M4,36
150,3b,M,3,4,3M4,36
150,3b,M,3,4,3M4,38.5
150,3b,M,3,4,3M4,38.5
150,3b,M,3,4,3M4,38.5
150,3b,M,3,4,3M4,38.5
150,3b,M,3,4,3M4,41
150,3b,M,3,4,3M4,41
150,3b,M,3,4,3M4,41
150,3b,M,3,4,3M4,41
150,3b,M,3,4,3M4,45.5
150,3b,M,3,4,3M4,45.5
150,3b,M,3,4,3M4,45.5
150,3b,M,3,4,3M4,48
150,3b,M,3,4,3M4,48
150,3b,M,3,4,3M4,48
150,3b,M,3,4,3M4,50
150,3b,M,3,4,3M4,52.5
150,3b,M,3,4,3M4,52.5
150,3b,M,3,4,3M4,52.5
150,3b,M,3,4,3M4,55
150,3b,M,3,4,3M4,57
150,3b,M,3,4,3M4,59.5
150,3b,M,3,4,3M4,59.5
150,3b,M,3,4,3M4,59.5
150,3b,M,3,4,3M4,59.5
150,3b,M,3,4,3M4,64
150,3b,M,3,4,3M4,71
150,3b,M,3,4,3M4,92
175,3c,M,3,1,3M1,8
175,3c,M,3,1,3M1,22
175,3c,M,3,1,3M1,27
175,3c,M,3,1,3M1,31.5
175,3c,M,3,1,3M1,31.5
175,3c,M,3,1,3M1,31.5
175,3c,M,3,1,3M1,38.5
175,3c,M,3,1,3M1,38.5
175,3c,M,3,1,3M1,38.5
175,3c,M,3,1,3M1,38.5
175,3c,M,3,1,3M1,38.5
175,3c,M,3,1,3M1,38.5
175,3c,M,3,1,3M1,41
175,3c,M,3,1,3M1,41
175,3c,M,3,1,3M1,43
175,3c,M,3,1,3M1,45.5
175,3c,M,3,1,3M1,45.5
175,3c,M,3,1,3M1,45.5
175,3c,M,3,1,3M1,45.5
175,3c,M,3,1,3M1,45.5
175,3c,M,3,1,3M1,45.5
175,3c,M,3,1,3M1,45.5
175,3c,M,3,1,3M1,45.5
175,3c,M,3,1,3M1,45.5
175,3c,M,3,1,3M1,45.5
175,3c,M,3,1,3M1,45.5
175,3c,M,3,1,3M1,45.5
175,3c,M,3,1,3M1,45.5
175,3c,M,3,1,3M1,45.5
175,3c,M,3,1,3M1,48
175,3c,M,3,1,3M1,48
175,3c,M,3,1,3M1,48
175,3c,M,3,1,3M1,52.5
175,3c,M,3,1,3M1,52.5
175,3c,M,3,1,3M1,52.5
175,3c,M,3,1,3M1,52.5
175,3c,M,3,1,3M1,52.5
175,3c,M,3,1,3M1,52.5
175,3c,M,3,1,3M1,59.5
175,3c,M,3,1,3M1,59.5
176,3c,M,3,1,3M1,1
176,3c,M,3,1,3M1,15
176,3c,M,3,1,3M1,17.5
176,3c,M,3,1,3M1,22
176,3c,M,3,1,3M1,27
176,3c,M,3,1,3M1,27
176,3c,M,3,1,3M1,31.5
176,3c,M,3,1,3M1,31.5
176,3c,M,3,1,3M1,36
176,3c,M,3,1,3M1,36
176,3c,M,3,1,3M1,38.5
176,3c,M,3,1,3M1,38.5
176,3c,M,3,1,3M1,38.5
176,3c,M,3,1,3M1,38.5
176,3c,M,3,1,3M1,38.5
176,3c,M,3,1,3M1,38.5
176,3c,M,3,1,3M1,41
176,3c,M,3,1,3M1,41
176,3c,M,3,1,3M1,41
176,3c,M,3,1,3M1,45.5
176,3c,M,3,1,3M1,45.5
176,3c,M,3,1,3M1,48
176,3c,M,3,1,3M1,50
176,3c,M,3,1,3M1,50
176,3c,M,3,1,3M1,52.5
176,3c,M,3,1,3M1,52.5
176,3c,M,3,1,3M1,52.5
176,3c,M,3,1,3M1,52.5
176,3c,M,3,1,3M1,52.5
176,3c,M,3,1,3M1,52.5
176,3c,M,3,1,3M1,52.5
176,3c,M,3,1,3M1,52.5
176,3c,M,3,1,3M1,52.5
176,3c,M,3,1,3M1,52.5
176,3c,M,3,1,3M1,57
176,3c,M,3,1,3M1,57
176,3c,M,3,1,3M1,59.5
176,3c,M,3,1,3M1,62
176,3c,M,3,1,3M1,62
176,3c,M,3,1,3M1,66.5
177,3c,M,3,1,3M1,31.5
177,3c,M,3,1,3M1,31.5
177,3c,M,3,1,3M1,31.5
177,3c,M,3,1,3M1,34
177,3c,M,3,1,3M1,34
177,3c,M,3,1,3M1,34
177,3c,M,3,1,3M1,36
177,3c,M,3,1,3M1,36
177,3c,M,3,1,3M1,36
177,3c,M,3,1,3M1,38.5
177,3c,M,3,1,3M1,38.5
177,3c,M,3,1,3M1,38.5
177,3c,M,3,1,3M1,41
177,3c,M,3,1,3M1,41
177,3c,M,3,1,3M1,41
177,3c,M,3,1,3M1,43
177,3c,M,3,1,3M1,43
177,3c,M,3,1,3M1,43
177,3c,M,3,1,3M1,45.5
177,3c,M,3,1,3M1,45.5
177,3c,M,3,1,3M1,45.5
177,3c,M,3,1,3M1,45.5
177,3c,M,3,1,3M1,48
177,3c,M,3,1,3M1,50
177,3c,M,3,1,3M1,50
177,3c,M,3,1,3M1,52.5
177,3c,M,3,1,3M1,52.5
177,3c,M,3,1,3M1,52.5
177,3c,M,3,1,3M1,52.5
177,3c,M,3,1,3M1,55
177,3c,M,3,1,3M1,55
177,3c,M,3,1,3M1,55
177,3c,M,3,1,3M1,57
177,3c,M,3,1,3M1,59.5
177,3c,M,3,1,3M1,59.5
177,3c,M,3,1,3M1,62
177,3c,M,3,1,3M1,66.5
177,3c,M,3,1,3M1,66.5
177,3c,M,3,1,3M1,66.5
177,3c,M,3,1,3M1,66.5
199,3c,M,3,3,3M3,10.5
199,3c,M,3,3,3M3,10.5
199,3c,M,3,3,3M3,31.5
199,3c,M,3,3,3M3,31.5
199,3c,M,3,3,3M3,31.5
199,3c,M,3,3,3M3,31.5
199,3c,M,3,3,3M3,34
199,3c,M,3,3,3M3,34
199,3c,M,3,3,3M3,36
199,3c,M,3,3,3M3,36
199,3c,M,3,3,3M3,36
199,3c,M,3,3,3M3,36
199,3c,M,3,3,3M3,36
199,3c,M,3,3,3M3,36
199,3c,M,3,3,3M3,38.5
199,3c,M,3,3,3M3,38.5
199,3c,M,3,3,3M3,38.5
199,3c,M,3,3,3M3,38.5
199,3c,M,3,3,3M3,41
199,3c,M,3,3,3M3,41
199,3c,M,3,3,3M3,41
199,3c,M,3,3,3M3,41
199,3c,M,3,3,3M3,45.5
199,3c,M,3,3,3M3,45.5
199,3c,M,3,3,3M3,45.5
199,3c,M,3,3,3M3,45.5
199,3c,M,3,3,3M3,45.5
199,3c,M,3,3,3M3,45.5
199,3c,M,3,3,3M3,45.5
199,3c,M,3,3,3M3,48
199,3c,M,3,3,3M3,48
199,3c,M,3,3,3M3,50
199,3c,M,3,3,3M3,50
199,3c,M,3,3,3M3,50
199,3c,M,3,3,3M3,50
199,3c,M,3,3,3M3,52.5
199,3c,M,3,3,3M3,52.5
199,3c,M,3,3,3M3,55
199,3c,M,3,3,3M3,55
199,3c,M,3,3,3M3,59.5
200,3c,M,3,3,3M3,1
200,3c,M,3,3,3M3,8
200,3c,M,3,3,3M3,10.5
200,3c,M,3,3,3M3,10.5
200,3c,M,3,3,3M3,17.5
200,3c,M,3,3,3M3,31.5
200,3c,M,3,3,3M3,31.5
200,3c,M,3,3,3M3,34
200,3c,M,3,3,3M3,34
200,3c,M,3,3,3M3,36
200,3c,M,3,3,3M3,36
200,3c,M,3,3,3M3,36
200,3c,M,3,3,3M3,36
200,3c,M,3,3,3M3,36
200,3c,M,3,3,3M3,36
200,3c,M,3,3,3M3,38.5
200,3c,M,3,3,3M3,38.5
200,3c,M,3,3,3M3,38.5
200,3c,M,3,3,3M3,38.5
200,3c,M,3,3,3M3,38.5
200,3c,M,3,3,3M3,38.5
200,3c,M,3,3,3M3,38.5
200,3c,M,3,3,3M3,38.5
200,3c,M,3,3,3M3,41
200,3c,M,3,3,3M3,41
200,3c,M,3,3,3M3,41
200,3c,M,3,3,3M3,41
200,3c,M,3,3,3M3,41
200,3c,M,3,3,3M3,43
200,3c,M,3,3,3M3,43
200,3c,M,3,3,3M3,45.5
200,3c,M,3,3,3M3,45.5
200,3c,M,3,3,3M3,45.5
200,3c,M,3,3,3M3,52.5
200,3c,M,3,3,3M3,52.5
200,3c,M,3,3,3M3,52.5
200,3c,M,3,3,3M3,52.5
200,3c,M,3,3,3M3,52.5
200,3c,M,3,3,3M3,59.5
200,3c,M,3,3,3M3,59.5
201,3c,M,3,3,3M3,17.5
201,3c,M,3,3,3M3,27
201,3c,M,3,3,3M3,27
201,3c,M,3,3,3M3,29
201,3c,M,3,3,3M3,31.5
201,3c,M,3,3,3M3,31.5
201,3c,M,3,3,3M3,31.5
201,3c,M,3,3,3M3,34
201,3c,M,3,3,3M3,34
201,3c,M,3,3,3M3,34
201,3c,M,3,3,3M3,34
201,3c,M,3,3,3M3,34
201,3c,M,3,3,3M3,36
201,3c,M,3,3,3M3,36
201,3c,M,3,3,3M3,36
201,3c,M,3,3,3M3,36
201,3c,M,3,3,3M3,36
201,3c,M,3,3,3M3,36
201,3c,M,3,3,3M3,36
201,3c,M,3,3,3M3,38.5
201,3c,M,3,3,3M3,38.5
201,3c,M,3,3,3M3,38.5
201,3c,M,3,3,3M3,41
201,3c,M,3,3,3M3,41
201,3c,M,3,3,3M3,43
201,3c,M,3,3,3M3,43
201,3c,M,3,3,3M3,45.5
201,3c,M,3,3,3M3,45.5
201,3c,M,3,3,3M3,45.5
201,3c,M,3,3,3M3,45.5
201,3c,M,3,3,3M3,45.5
201,3c,M,3,3,3M3,45.5
201,3c,M,3,3,3M3,45.5
201,3c,M,3,3,3M3,48
201,3c,M,3,3,3M3,48
201,3c,M,3,3,3M3,48
201,3c,M,3,3,3M3,48
201,3c,M,3,3,3M3,48
201,3c,M,3,3,3M3,48
201,3c,M,3,3,3M3,55
151,3c,M,3,4,3M4,27
151,3c,M,3,4,3M4,31.5
151,3c,M,3,4,3M4,31.5
151,3c,M,3,4,3M4,31.5
151,3c,M,3,4,3M4,34
151,3c,M,3,4,3M4,34
151,3c,M,3,4,3M4,36
151,3c,M,3,4,3M4,38.5
151,3c,M,3,4,3M4,38.5
151,3c,M,3,4,3M4,43
151,3c,M,3,4,3M4,43
151,3c,M,3,4,3M4,43
151,3c,M,3,4,3M4,43
151,3c,M,3,4,3M4,43
151,3c,M,3,4,3M4,43
151,3c,M,3,4,3M4,43
151,3c,M,3,4,3M4,43
151,3c,M,3,4,3M4,43
151,3c,M,3,4,3M4,45.5
151,3c,M,3,4,3M4,45.5
151,3c,M,3,4,3M4,45.5
151,3c,M,3,4,3M4,45.5
151,3c,M,3,4,3M4,45.5
151,3c,M,3,4,3M4,48
151,3c,M,3,4,3M4,48
151,3c,M,3,4,3M4,48
151,3c,M,3,4,3M4,48
151,3c,M,3,4,3M4,50
151,3c,M,3,4,3M4,50
151,3c,M,3,4,3M4,52.5
151,3c,M,3,4,3M4,52.5
151,3c,M,3,4,3M4,55
151,3c,M,3,4,3M4,57
151,3c,M,3,4,3M4,59.5
151,3c,M,3,4,3M4,59.5
151,3c,M,3,4,3M4,64
151,3c,M,3,4,3M4,66.5
151,3c,M,3,4,3M4,69
151,3c,M,3,4,3M4,69
151,3c,M,3,4,3M4,83
152,3c,M,3,4,3M4,10.5
152,3c,M,3,4,3M4,17.5
152,3c,M,3,4,3M4,24.5
152,3c,M,3,4,3M4,29
152,3c,M,3,4,3M4,29
152,3c,M,3,4,3M4,29
152,3c,M,3,4,3M4,29
152,3c,M,3,4,3M4,29
152,3c,M,3,4,3M4,29
152,3c,M,3,4,3M4,31.5
152,3c,M,3,4,3M4,34
152,3c,M,3,4,3M4,36
152,3c,M,3,4,3M4,38.5
152,3c,M,3,4,3M4,38.5
152,3c,M,3,4,3M4,41
152,3c,M,3,4,3M4,41
152,3c,M,3,4,3M4,41
152,3c,M,3,4,3M4,43
152,3c,M,3,4,3M4,43
152,3c,M,3,4,3M4,43
152,3c,M,3,4,3M4,45.5
152,3c,M,3,4,3M4,45.5
152,3c,M,3,4,3M4,45.5
152,3c,M,3,4,3M4,45.5
152,3c,M,3,4,3M4,48
152,3c,M,3,4,3M4,48
152,3c,M,3,4,3M4,50
152,3c,M,3,4,3M4,52.5
152,3c,M,3,4,3M4,52.5
152,3c,M,3,4,3M4,52.5
152,3c,M,3,4,3M4,52.5
152,3c,M,3,4,3M4,52.5
152,3c,M,3,4,3M4,52.5
152,3c,M,3,4,3M4,52.5
152,3c,M,3,4,3M4,55
152,3c,M,3,4,3M4,57
152,3c,M,3,4,3M4,62
152,3c,M,3,4,3M4,64
152,3c,M,3,4,3M4,64
152,3c,M,3,4,3M4,66.5
153,3c,M,3,4,3M4,24.5
153,3c,M,3,4,3M4,24.5
153,3c,M,3,4,3M4,31.5
153,3c,M,3,4,3M4,31.5
153,3c,M,3,4,3M4,31.5
153,3c,M,3,4,3M4,34
153,3c,M,3,4,3M4,34
153,3c,M,3,4,3M4,36
153,3c,M,3,4,3M4,36
153,3c,M,3,4,3M4,36
153,3c,M,3,4,3M4,38.5
153,3c,M,3,4,3M4,38.5
153,3c,M,3,4,3M4,38.5
153,3c,M,3,4,3M4,38.5
153,3c,M,3,4,3M4,38.5
153,3c,M,3,4,3M4,38.5
153,3c,M,3,4,3M4,38.5
153,3c,M,3,4,3M4,41
153,3c,M,3,4,3M4,43
153,3c,M,3,4,3M4,43
153,3c,M,3,4,3M4,45.5
153,3c,M,3,4,3M4,45.5
153,3c,M,3,4,3M4,45.5
153,3c,M,3,4,3M4,50
153,3c,M,3,4,3M4,50
153,3c,M,3,4,3M4,50
153,3c,M,3,4,3M4,52.5
153,3c,M,3,4,3M4,52.5
153,3c,M,3,4,3M4,52.5
153,3c,M,3,4,3M4,52.5
153,3c,M,3,4,3M4,55
153,3c,M,3,4,3M4,55
153,3c,M,3,4,3M4,55
153,3c,M,3,4,3M4,55
153,3c,M,3,4,3M4,57
153,3c,M,3,4,3M4,57
153,3c,M,3,4,3M4,57
153,3c,M,3,4,3M4,59.5
153,3c,M,3,4,3M4,59.5
153,3c,M,3,4,3M4,64
178,3d,M,3,1,3M1,24.5
178,3d,M,3,1,3M1,24.5
178,3d,M,3,1,3M1,36
178,3d,M,3,1,3M1,36
178,3d,M,3,1,3M1,38.5
178,3d,M,3,1,3M1,38.5
178,3d,M,3,1,3M1,38.5
178,3d,M,3,1,3M1,41
178,3d,M,3,1,3M1,41
178,3d,M,3,1,3M1,41
178,3d,M,3,1,3M1,41
178,3d,M,3,1,3M1,41
178,3d,M,3,1,3M1,43
178,3d,M,3,1,3M1,43
178,3d,M,3,1,3M1,43
178,3d,M,3,1,3M1,45.5
178,3d,M,3,1,3M1,45.5
178,3d,M,3,1,3M1,45.5
178,3d,M,3,1,3M1,45.5
178,3d,M,3,1,3M1,45.5
178,3d,M,3,1,3M1,45.5
178,3d,M,3,1,3M1,45.5
178,3d,M,3,1,3M1,45.5
178,3d,M,3,1,3M1,45.5
178,3d,M,3,1,3M1,45.5
178,3d,M,3,1,3M1,45.5
178,3d,M,3,1,3M1,45.5
178,3d,M,3,1,3M1,45.5
178,3d,M,3,1,3M1,45.5
178,3d,M,3,1,3M1,48
178,3d,M,3,1,3M1,48
178,3d,M,3,1,3M1,48
178,3d,M,3,1,3M1,50
178,3d,M,3,1,3M1,50
178,3d,M,3,1,3M1,50
178,3d,M,3,1,3M1,52.5
178,3d,M,3,1,3M1,52.5
178,3d,M,3,1,3M1,57
178,3d,M,3,1,3M1,59.5
178,3d,M,3,1,3M1,73.5
179,3d,M,3,1,3M1,3.5
179,3d,M,3,1,3M1,36
179,3d,M,3,1,3M1,38.5
179,3d,M,3,1,3M1,38.5
179,3d,M,3,1,3M1,38.5
179,3d,M,3,1,3M1,38.5
179,3d,M,3,1,3M1,41
179,3d,M,3,1,3M1,41
179,3d,M,3,1,3M1,43
179,3d,M,3,1,3M1,43
179,3d,M,3,1,3M1,45.5
179,3d,M,3,1,3M1,45.5
179,3d,M,3,1,3M1,45.5
179,3d,M,3,1,3M1,45.5
179,3d,M,3,1,3M1,45.5
179,3d,M,3,1,3M1,45.5
179,3d,M,3,1,3M1,45.5
179,3d,M,3,1,3M1,45.5
179,3d,M,3,1,3M1,48
179,3d,M,3,1,3M1,48
179,3d,M,3,1,3M1,50
179,3d,M,3,1,3M1,50
179,3d,M,3,1,3M1,52.5
179,3d,M,3,1,3M1,52.5
179,3d,M,3,1,3M1,52.5
179,3d,M,3,1,3M1,52.5
179,3d,M,3,1,3M1,52.5
179,3d,M,3,1,3M1,52.5
179,3d,M,3,1,3M1,52.5
179,3d,M,3,1,3M1,55
179,3d,M,3,1,3M1,55
179,3d,M,3,1,3M1,57
179,3d,M,3,1,3M1,57
179,3d,M,3,1,3M1,59.5
179,3d,M,3,1,3M1,59.5
179,3d,M,3,1,3M1,59.5
179,3d,M,3,1,3M1,62
179,3d,M,3,1,3M1,64
179,3d,M,3,1,3M1,66.5
179,3d,M,3,1,3M1,76
180,3d,M,3,1,3M1,34
180,3d,M,3,1,3M1,34
180,3d,M,3,1,3M1,36
180,3d,M,3,1,3M1,36
180,3d,M,3,1,3M1,38.5
180,3d,M,3,1,3M1,38.5
180,3d,M,3,1,3M1,41
180,3d,M,3,1,3M1,41
180,3d,M,3,1,3M1,41
180,3d,M,3,1,3M1,41
180,3d,M,3,1,3M1,43
180,3d,M,3,1,3M1,43
180,3d,M,3,1,3M1,43
180,3d,M,3,1,3M1,45.5
180,3d,M,3,1,3M1,45.5
180,3d,M,3,1,3M1,45.5
180,3d,M,3,1,3M1,45.5
180,3d,M,3,1,3M1,45.5
180,3d,M,3,1,3M1,45.5
180,3d,M,3,1,3M1,45.5
180,3d,M,3,1,3M1,45.5
180,3d,M,3,1,3M1,45.5
180,3d,M,3,1,3M1,45.5
180,3d,M,3,1,3M1,45.5
180,3d,M,3,1,3M1,45.5
180,3d,M,3,1,3M1,48
180,3d,M,3,1,3M1,48
180,3d,M,3,1,3M1,48
180,3d,M,3,1,3M1,50
180,3d,M,3,1,3M1,52.5
180,3d,M,3,1,3M1,52.5
180,3d,M,3,1,3M1,52.5
180,3d,M,3,1,3M1,52.5
180,3d,M,3,1,3M1,52.5
180,3d,M,3,1,3M1,52.5
180,3d,M,3,1,3M1,52.5
180,3d,M,3,1,3M1,52.5
180,3d,M,3,1,3M1,52.5
180,3d,M,3,1,3M1,55
180,3d,M,3,1,3M1,59.5
202,3d,M,3,3,3M3,1
202,3d,M,3,3,3M3,20
202,3d,M,3,3,3M3,20
202,3d,M,3,3,3M3,31.5
202,3d,M,3,3,3M3,34
202,3d,M,3,3,3M3,36
202,3d,M,3,3,3M3,36
202,3d,M,3,3,3M3,36
202,3d,M,3,3,3M3,36
202,3d,M,3,3,3M3,36
202,3d,M,3,3,3M3,38.5
202,3d,M,3,3,3M3,38.5
202,3d,M,3,3,3M3,38.5
202,3d,M,3,3,3M3,38.5
202,3d,M,3,3,3M3,38.5
202,3d,M,3,3,3M3,38.5
202,3d,M,3,3,3M3,38.5
202,3d,M,3,3,3M3,41
202,3d,M,3,3,3M3,41
202,3d,M,3,3,3M3,43
202,3d,M,3,3,3M3,43
202,3d,M,3,3,3M3,45.5
202,3d,M,3,3,3M3,45.5
202,3d,M,3,3,3M3,45.5
202,3d,M,3,3,3M3,45.5
202,3d,M,3,3,3M3,45.5
202,3d,M,3,3,3M3,45.5
202,3d,M,3,3,3M3,45.5
202,3d,M,3,3,3M3,48
202,3d,M,3,3,3M3,48
202,3d,M,3,3,3M3,48
202,3d,M,3,3,3M3,48
202,3d,M,3,3,3M3,48
202,3d,M,3,3,3M3,48
202,3d,M,3,3,3M3,48
202,3d,M,3,3,3M3,50
202,3d,M,3,3,3M3,50
202,3d,M,3,3,3M3,55
202,3d,M,3,3,3M3,59.5
202,3d,M,3,3,3M3,66.5
203,3d,M,3,3,3M3,8
203,3d,M,3,3,3M3,17.5
203,3d,M,3,3,3M3,20
203,3d,M,3,3,3M3,24.5
203,3d,M,3,3,3M3,27
203,3d,M,3,3,3M3,27
203,3d,M,3,3,3M3,29
203,3d,M,3,3,3M3,36
203,3d,M,3,3,3M3,36
203,3d,M,3,3,3M3,38.5
203,3d,M,3,3,3M3,38.5
203,3d,M,3,3,3M3,38.5
203,3d,M,3,3,3M3,38.5
203,3d,M,3,3,3M3,41
203,3d,M,3,3,3M3,41
203,3d,M,3,3,3M3,41
203,3d,M,3,3,3M3,41
203,3d,M,3,3,3M3,41
203,3d,M,3,3,3M3,41
203,3d,M,3,3,3M3,41
203,3d,M,3,3,3M3,43
203,3d,M,3,3,3M3,43
203,3d,M,3,3,3M3,43
203,3d,M,3,3,3M3,43
203,3d,M,3,3,3M3,45.5
203,3d,M,3,3,3M3,45.5
203,3d,M,3,3,3M3,45.5
203,3d,M,3,3,3M3,45.5
203,3d,M,3,3,3M3,45.5
203,3d,M,3,3,3M3,45.5
203,3d,M,3,3,3M3,45.5
203,3d,M,3,3,3M3,45.5
203,3d,M,3,3,3M3,45.5
203,3d,M,3,3,3M3,48
203,3d,M,3,3,3M3,48
203,3d,M,3,3,3M3,50
203,3d,M,3,3,3M3,52.5
203,3d,M,3,3,3M3,52.5
203,3d,M,3,3,3M3,57
204,3d,M,3,3,3M3,36
204,3d,M,3,3,3M3,36
204,3d,M,3,3,3M3,36
204,3d,M,3,3,3M3,36
204,3d,M,3,3,3M3,36
204,3d,M,3,3,3M3,36
204,3d,M,3,3,3M3,36
204,3d,M,3,3,3M3,36
204,3d,M,3,3,3M3,36
204,3d,M,3,3,3M3,36
204,3d,M,3,3,3M3,36
204,3d,M,3,3,3M3,38.5
204,3d,M,3,3,3M3,38.5
204,3d,M,3,3,3M3,38.5
204,3d,M,3,3,3M3,38.5
204,3d,M,3,3,3M3,38.5
204,3d,M,3,3,3M3,38.5
204,3d,M,3,3,3M3,41
204,3d,M,3,3,3M3,43
204,3d,M,3,3,3M3,45.5
204,3d,M,3,3,3M3,45.5
204,3d,M,3,3,3M3,45.5
204,3d,M,3,3,3M3,45.5
204,3d,M,3,3,3M3,45.5
204,3d,M,3,3,3M3,45.5
204,3d,M,3,3,3M3,48
204,3d,M,3,3,3M3,48
204,3d,M,3,3,3M3,48
204,3d,M,3,3,3M3,48
204,3d,M,3,3,3M3,48
204,3d,M,3,3,3M3,48
204,3d,M,3,3,3M3,48
204,3d,M,3,3,3M3,50
204,3d,M,3,3,3M3,50
204,3d,M,3,3,3M3,50
204,3d,M,3,3,3M3,50
204,3d,M,3,3,3M3,52.5
204,3d,M,3,3,3M3,52.5
204,3d,M,3,3,3M3,55
204,3d,M,3,3,3M3,57
154,3d,M,3,4,3M4,20
154,3d,M,3,4,3M4,27
154,3d,M,3,4,3M4,31.5
154,3d,M,3,4,3M4,36
154,3d,M,3,4,3M4,38.5
154,3d,M,3,4,3M4,38.5
154,3d,M,3,4,3M4,38.5
154,3d,M,3,4,3M4,43
154,3d,M,3,4,3M4,43
154,3d,M,3,4,3M4,43
154,3d,M,3,4,3M4,43
154,3d,M,3,4,3M4,45.5
154,3d,M,3,4,3M4,45.5
154,3d,M,3,4,3M4,45.5
154,3d,M,3,4,3M4,45.5
154,3d,M,3,4,3M4,48
154,3d,M,3,4,3M4,48
154,3d,M,3,4,3M4,48
154,3d,M,3,4,3M4,50
154,3d,M,3,4,3M4,50
154,3d,M,3,4,3M4,50
154,3d,M,3,4,3M4,50
154,3d,M,3,4,3M4,50
154,3d,M,3,4,3M4,52.5
154,3d,M,3,4,3M4,52.5
154,3d,M,3,4,3M4,52.5
154,3d,M,3,4,3M4,52.5
154,3d,M,3,4,3M4,52.5
154,3d,M,3,4,3M4,52.5
154,3d,M,3,4,3M4,52.5
154,3d,M,3,4,3M4,52.5
154,3d,M,3,4,3M4,52.5
154,3d,M,3,4,3M4,57
154,3d,M,3,4,3M4,59.5
154,3d,M,3,4,3M4,59.5
154,3d,M,3,4,3M4,59.5
154,3d,M,3,4,3M4,66.5
154,3d,M,3,4,3M4,66.5
154,3d,M,3,4,3M4,71
154,3d,M,3,4,3M4,73.5
155,3d,M,3,4,3M4,10.5
155,3d,M,3,4,3M4,29
155,3d,M,3,4,3M4,34
155,3d,M,3,4,3M4,43
155,3d,M,3,4,3M4,45.5
155,3d,M,3,4,3M4,45.5
155,3d,M,3,4,3M4,45.5
155,3d,M,3,4,3M4,45.5
155,3d,M,3,4,3M4,45.5
155,3d,M,3,4,3M4,45.5
155,3d,M,3,4,3M4,45.5
155,3d,M,3,4,3M4,45.5
155,3d,M,3,4,3M4,48
155,3d,M,3,4,3M4,48
155,3d,M,3,4,3M4,48
155,3d,M,3,4,3M4,48
155,3d,M,3,4,3M4,50
155,3d,M,3,4,3M4,50
155,3d,M,3,4,3M4,50
155,3d,M,3,4,3M4,50
155,3d,M,3,4,3M4,52.5
155,3d,M,3,4,3M4,52.5
155,3d,M,3,4,3M4,55
155,3d,M,3,4,3M4,55
155,3d,M,3,4,3M4,55
155,3d,M,3,4,3M4,57
155,3d,M,3,4,3M4,57
155,3d,M,3,4,3M4,57
155,3d,M,3,4,3M4,59.5
155,3d,M,3,4,3M4,59.5
155,3d,M,3,4,3M4,59.5
155,3d,M,3,4,3M4,59.5
155,3d,M,3,4,3M4,59.5
155,3d,M,3,4,3M4,62
155,3d,M,3,4,3M4,64
155,3d,M,3,4,3M4,64
155,3d,M,3,4,3M4,66.5
155,3d,M,3,4,3M4,71
155,3d,M,3,4,3M4,73.5
155,3d,M,3,4,3M4,73.5
156,3d,M,3,4,3M4,27
156,3d,M,3,4,3M4,36
156,3d,M,3,4,3M4,36
156,3d,M,3,4,3M4,41
156,3d,M,3,4,3M4,41
156,3d,M,3,4,3M4,41
156,3d,M,3,4,3M4,41
156,3d,M,3,4,3M4,43
156,3d,M,3,4,3M4,45.5
156,3d,M,3,4,3M4,45.5
156,3d,M,3,4,3M4,45.5
156,3d,M,3,4,3M4,45.5
156,3d,M,3,4,3M4,45.5
156,3d,M,3,4,3M4,45.5
156,3d,M,3,4,3M4,45.5
156,3d,M,3,4,3M4,45.5
156,3d,M,3,4,3M4,48
156,3d,M,3,4,3M4,48
156,3d,M,3,4,3M4,48
156,3d,M,3,4,3M4,48
156,3d,M,3,4,3M4,52.5
156,3d,M,3,4,3M4,52.5
156,3d,M,3,4,3M4,52.5
156,3d,M,3,4,3M4,52.5
156,3d,M,3,4,3M4,52.5
156,3d,M,3,4,3M4,52.5
156,3d,M,3,4,3M4,52.5
156,3d,M,3,4,3M4,55
156,3d,M,3,4,3M4,57
156,3d,M,3,4,3M4,57
156,3d,M,3,4,3M4,59.5
156,3d,M,3,4,3M4,59.5
156,3d,M,3,4,3M4,59.5
156,3d,M,3,4,3M4,59.5
156,3d,M,3,4,3M4,59.5
156,3d,M,3,4,3M4,62
156,3d,M,3,4,3M4,66.5
156,3d,M,3,4,3M4,66.5
156,3d,M,3,4,3M4,71
156,3d,M,3,4,3M4,73.5
25,4a,M,4,1,4M1,1
25,4a,M,4,1,4M1,13
25,4a,M,4,1,4M1,29
25,4a,M,4,1,4M1,36
25,4a,M,4,1,4M1,36
25,4a,M,4,1,4M1,36
25,4a,M,4,1,4M1,36
25,4a,M,4,1,4M1,38.5
25,4a,M,4,1,4M1,38.5
25,4a,M,4,1,4M1,38.5
25,4a,M,4,1,4M1,38.5
25,4a,M,4,1,4M1,38.5
25,4a,M,4,1,4M1,41
25,4a,M,4,1,4M1,45.5
25,4a,M,4,1,4M1,45.5
25,4a,M,4,1,4M1,45.5
25,4a,M,4,1,4M1,45.5
25,4a,M,4,1,4M1,45.5
25,4a,M,4,1,4M1,45.5
25,4a,M,4,1,4M1,45.5
25,4a,M,4,1,4M1,45.5
25,4a,M,4,1,4M1,45.5
25,4a,M,4,1,4M1,48
25,4a,M,4,1,4M1,48
25,4a,M,4,1,4M1,48
25,4a,M,4,1,4M1,48
25,4a,M,4,1,4M1,48
25,4a,M,4,1,4M1,52.5
25,4a,M,4,1,4M1,52.5
25,4a,M,4,1,4M1,52.5
25,4a,M,4,1,4M1,55
25,4a,M,4,1,4M1,55
25,4a,M,4,1,4M1,57
25,4a,M,4,1,4M1,57
25,4a,M,4,1,4M1,57
25,4a,M,4,1,4M1,59.5
25,4a,M,4,1,4M1,62
25,4a,M,4,1,4M1,62
25,4a,M,4,1,4M1,64
25,4a,M,4,1,4M1,69
26,4a,M,4,1,4M1,22
26,4a,M,4,1,4M1,34
26,4a,M,4,1,4M1,36
26,4a,M,4,1,4M1,36
26,4a,M,4,1,4M1,38.5
26,4a,M,4,1,4M1,38.5
26,4a,M,4,1,4M1,38.5
26,4a,M,4,1,4M1,38.5
26,4a,M,4,1,4M1,41
26,4a,M,4,1,4M1,43
26,4a,M,4,1,4M1,43
26,4a,M,4,1,4M1,43
26,4a,M,4,1,4M1,45.5
26,4a,M,4,1,4M1,45.5
26,4a,M,4,1,4M1,45.5
26,4a,M,4,1,4M1,45.5
26,4a,M,4,1,4M1,45.5
26,4a,M,4,1,4M1,45.5
26,4a,M,4,1,4M1,45.5
26,4a,M,4,1,4M1,45.5
26,4a,M,4,1,4M1,45.5
26,4a,M,4,1,4M1,48
26,4a,M,4,1,4M1,48
26,4a,M,4,1,4M1,48
26,4a,M,4,1,4M1,50
26,4a,M,4,1,4M1,50
26,4a,M,4,1,4M1,50
26,4a,M,4,1,4M1,52.5
26,4a,M,4,1,4M1,52.5
26,4a,M,4,1,4M1,52.5
26,4a,M,4,1,4M1,52.5
26,4a,M,4,1,4M1,52.5
26,4a,M,4,1,4M1,52.5
26,4a,M,4,1,4M1,55
26,4a,M,4,1,4M1,57
26,4a,M,4,1,4M1,59.5
26,4a,M,4,1,4M1,66.5
26,4a,M,4,1,4M1,66.5
26,4a,M,4,1,4M1,73.5
26,4a,M,4,1,4M1,76
27,4a,M,4,1,4M1,27
27,4a,M,4,1,4M1,27
27,4a,M,4,1,4M1,36
27,4a,M,4,1,4M1,38.5
27,4a,M,4,1,4M1,38.5
27,4a,M,4,1,4M1,41
27,4a,M,4,1,4M1,41
27,4a,M,4,1,4M1,43
27,4a,M,4,1,4M1,43
27,4a,M,4,1,4M1,43
27,4a,M,4,1,4M1,45.5
27,4a,M,4,1,4M1,45.5
27,4a,M,4,1,4M1,45.5
27,4a,M,4,1,4M1,45.5
27,4a,M,4,1,4M1,45.5
27,4a,M,4,1,4M1,45.5
27,4a,M,4,1,4M1,45.5
27,4a,M,4,1,4M1,45.5
27,4a,M,4,1,4M1,45.5
27,4a,M,4,1,4M1,48
27,4a,M,4,1,4M1,50
27,4a,M,4,1,4M1,50
27,4a,M,4,1,4M1,52.5
27,4a,M,4,1,4M1,52.5
27,4a,M,4,1,4M1,52.5
27,4a,M,4,1,4M1,52.5
27,4a,M,4,1,4M1,52.5
27,4a,M,4,1,4M1,52.5
27,4a,M,4,1,4M1,52.5
27,4a,M,4,1,4M1,52.5
27,4a,M,4,1,4M1,52.5
27,4a,M,4,1,4M1,55
27,4a,M,4,1,4M1,57
27,4a,M,4,1,4M1,59.5
27,4a,M,4,1,4M1,59.5
27,4a,M,4,1,4M1,59.5
27,4a,M,4,1,4M1,59.5
27,4a,M,4,1,4M1,62
27,4a,M,4,1,4M1,62
27,4a,M,4,1,4M1,64
49,4a,M,4,3,4M3,22
49,4a,M,4,3,4M3,27
49,4a,M,4,3,4M3,31.5
49,4a,M,4,3,4M3,31.5
49,4a,M,4,3,4M3,31.5
49,4a,M,4,3,4M3,34
49,4a,M,4,3,4M3,34
49,4a,M,4,3,4M3,36
49,4a,M,4,3,4M3,36
49,4a,M,4,3,4M3,36
49,4a,M,4,3,4M3,36
49,4a,M,4,3,4M3,36
49,4a,M,4,3,4M3,36
49,4a,M,4,3,4M3,36
49,4a,M,4,3,4M3,36
49,4a,M,4,3,4M3,36
49,4a,M,4,3,4M3,38.5
49,4a,M,4,3,4M3,38.5
49,4a,M,4,3,4M3,38.5
49,4a,M,4,3,4M3,38.5
49,4a,M,4,3,4M3,38.5
49,4a,M,4,3,4M3,38.5
49,4a,M,4,3,4M3,38.5
49,4a,M,4,3,4M3,38.5
49,4a,M,4,3,4M3,43
49,4a,M,4,3,4M3,43
49,4a,M,4,3,4M3,45.5
49,4a,M,4,3,4M3,45.5
49,4a,M,4,3,4M3,45.5
49,4a,M,4,3,4M3,45.5
49,4a,M,4,3,4M3,45.5
49,4a,M,4,3,4M3,45.5
49,4a,M,4,3,4M3,45.5
49,4a,M,4,3,4M3,45.5
49,4a,M,4,3,4M3,45.5
49,4a,M,4,3,4M3,48
49,4a,M,4,3,4M3,48
49,4a,M,4,3,4M3,48
49,4a,M,4,3,4M3,59.5
49,4a,M,4,3,4M3,59.5
50,4a,M,4,3,4M3,1
50,4a,M,4,3,4M3,15
50,4a,M,4,3,4M3,20
50,4a,M,4,3,4M3,24.5
50,4a,M,4,3,4M3,24.5
50,4a,M,4,3,4M3,24.5
50,4a,M,4,3,4M3,27
50,4a,M,4,3,4M3,29
50,4a,M,4,3,4M3,29
50,4a,M,4,3,4M3,31.5
50,4a,M,4,3,4M3,36
50,4a,M,4,3,4M3,36
50,4a,M,4,3,4M3,36
50,4a,M,4,3,4M3,36
50,4a,M,4,3,4M3,36
50,4a,M,4,3,4M3,36
50,4a,M,4,3,4M3,36
50,4a,M,4,3,4M3,36
50,4a,M,4,3,4M3,36
50,4a,M,4,3,4M3,36
50,4a,M,4,3,4M3,38.5
50,4a,M,4,3,4M3,41
50,4a,M,4,3,4M3,43
50,4a,M,4,3,4M3,43
50,4a,M,4,3,4M3,43
50,4a,M,4,3,4M3,43
50,4a,M,4,3,4M3,43
50,4a,M,4,3,4M3,45.5
50,4a,M,4,3,4M3,45.5
50,4a,M,4,3,4M3,45.5
50,4a,M,4,3,4M3,48
50,4a,M,4,3,4M3,48
50,4a,M,4,3,4M3,50
50,4a,M,4,3,4M3,50
50,4a,M,4,3,4M3,50
50,4a,M,4,3,4M3,50
50,4a,M,4,3,4M3,50
50,4a,M,4,3,4M3,52.5
50,4a,M,4,3,4M3,52.5
50,4a,M,4,3,4M3,52.5
51,4a,M,4,3,4M3,29
51,4a,M,4,3,4M3,34
51,4a,M,4,3,4M3,34
51,4a,M,4,3,4M3,36
51,4a,M,4,3,4M3,36
51,4a,M,4,3,4M3,36
51,4a,M,4,3,4M3,36
51,4a,M,4,3,4M3,38.5
51,4a,M,4,3,4M3,38.5
51,4a,M,4,3,4M3,38.5
51,4a,M,4,3,4M3,38.5
51,4a,M,4,3,4M3,41
51,4a,M,4,3,4M3,41
51,4a,M,4,3,4M3,41
51,4a,M,4,3,4M3,41
51,4a,M,4,3,4M3,41
51,4a,M,4,3,4M3,41
51,4a,M,4,3,4M3,41
51,4a,M,4,3,4M3,41
51,4a,M,4,3,4M3,41
51,4a,M,4,3,4M3,43
51,4a,M,4,3,4M3,43
51,4a,M,4,3,4M3,43
51,4a,M,4,3,4M3,43
51,4a,M,4,3,4M3,45.5
51,4a,M,4,3,4M3,45.5
51,4a,M,4,3,4M3,45.5
51,4a,M,4,3,4M3,45.5
51,4a,M,4,3,4M3,45.5
51,4a,M,4,3,4M3,45.5
51,4a,M,4,3,4M3,48
51,4a,M,4,3,4M3,48
51,4a,M,4,3,4M3,50
51,4a,M,4,3,4M3,50
51,4a,M,4,3,4M3,50
51,4a,M,4,3,4M3,50
51,4a,M,4,3,4M3,50
51,4a,M,4,3,4M3,52.5
51,4a,M,4,3,4M3,57
1,4a,M,4,4,4M4,27
1,4a,M,4,4,4M4,27
1,4a,M,4,4,4M4,27
1,4a,M,4,4,4M4,27
1,4a,M,4,4,4M4,34
1,4a,M,4,4,4M4,36
1,4a,M,4,4,4M4,36
1,4a,M,4,4,4M4,36
1,4a,M,4,4,4M4,41
1,4a,M,4,4,4M4,41
1,4a,M,4,4,4M4,41
1,4a,M,4,4,4M4,41
1,4a,M,4,4,4M4,43
1,4a,M,4,4,4M4,45.5
1,4a,M,4,4,4M4,45.5
1,4a,M,4,4,4M4,45.5
1,4a,M,4,4,4M4,45.5
1,4a,M,4,4,4M4,45.5
1,4a,M,4,4,4M4,45.5
1,4a,M,4,4,4M4,48
1,4a,M,4,4,4M4,48
1,4a,M,4,4,4M4,50
1,4a,M,4,4,4M4,50
1,4a,M,4,4,4M4,52.5
1,4a,M,4,4,4M4,52.5
1,4a,M,4,4,4M4,52.5
1,4a,M,4,4,4M4,52.5
1,4a,M,4,4,4M4,52.5
1,4a,M,4,4,4M4,52.5
1,4a,M,4,4,4M4,55
1,4a,M,4,4,4M4,55
1,4a,M,4,4,4M4,55
1,4a,M,4,4,4M4,55
1,4a,M,4,4,4M4,57
1,4a,M,4,4,4M4,57
1,4a,M,4,4,4M4,57
1,4a,M,4,4,4M4,57
1,4a,M,4,4,4M4,59.5
1,4a,M,4,4,4M4,66.5
1,4a,M,4,4,4M4,90
2,4a,M,4,4,4M4,8
2,4a,M,4,4,4M4,29
2,4a,M,4,4,4M4,29
2,4a,M,4,4,4M4,31.5
2,4a,M,4,4,4M4,31.5
2,4a,M,4,4,4M4,31.5
2,4a,M,4,4,4M4,31.5
2,4a,M,4,4,4M4,31.5
2,4a,M,4,4,4M4,36
2,4a,M,4,4,4M4,36
2,4a,M,4,4,4M4,36
2,4a,M,4,4,4M4,36
2,4a,M,4,4,4M4,36
2,4a,M,4,4,4M4,41
2,4a,M,4,4,4M4,41
2,4a,M,4,4,4M4,45.5
2,4a,M,4,4,4M4,45.5
2,4a,M,4,4,4M4,45.5
2,4a,M,4,4,4M4,48
2,4a,M,4,4,4M4,48
2,4a,M,4,4,4M4,50
2,4a,M,4,4,4M4,50
2,4a,M,4,4,4M4,50
2,4a,M,4,4,4M4,50
2,4a,M,4,4,4M4,52.5
2,4a,M,4,4,4M4,52.5
2,4a,M,4,4,4M4,55
2,4a,M,4,4,4M4,57
2,4a,M,4,4,4M4,59.5
2,4a,M,4,4,4M4,59.5
2,4a,M,4,4,4M4,59.5
2,4a,M,4,4,4M4,59.5
2,4a,M,4,4,4M4,59.5
2,4a,M,4,4,4M4,62
2,4a,M,4,4,4M4,62
2,4a,M,4,4,4M4,66.5
2,4a,M,4,4,4M4,66.5
2,4a,M,4,4,4M4,66.5
2,4a,M,4,4,4M4,66.5
2,4a,M,4,4,4M4,80.5
3,4a,M,4,4,4M4,24.5
3,4a,M,4,4,4M4,24.5
3,4a,M,4,4,4M4,27
3,4a,M,4,4,4M4,29
3,4a,M,4,4,4M4,31.5
3,4a,M,4,4,4M4,31.5
3,4a,M,4,4,4M4,36
3,4a,M,4,4,4M4,36
3,4a,M,4,4,4M4,38.5
3,4a,M,4,4,4M4,38.5
3,4a,M,4,4,4M4,38.5
3,4a,M,4,4,4M4,41
3,4a,M,4,4,4M4,41
3,4a,M,4,4,4M4,41
3,4a,M,4,4,4M4,41
3,4a,M,4,4,4M4,41
3,4a,M,4,4,4M4,41
3,4a,M,4,4,4M4,41
3,4a,M,4,4,4M4,41
3,4a,M,4,4,4M4,41
3,4a,M,4,4,4M4,43
3,4a,M,4,4,4M4,43
3,4a,M,4,4,4M4,43
3,4a,M,4,4,4M4,45.5
3,4a,M,4,4,4M4,52.5
3,4a,M,4,4,4M4,52.5
3,4a,M,4,4,4M4,52.5
3,4a,M,4,4,4M4,52.5
3,4a,M,4,4,4M4,52.5
3,4a,M,4,4,4M4,57
3,4a,M,4,4,4M4,57
3,4a,M,4,4,4M4,57
3,4a,M,4,4,4M4,57
3,4a,M,4,4,4M4,57
3,4a,M,4,4,4M4,59.5
3,4a,M,4,4,4M4,59.5
3,4a,M,4,4,4M4,59.5
3,4a,M,4,4,4M4,64
3,4a,M,4,4,4M4,66.5
3,4a,M,4,4,4M4,73.5
28,4b,M,4,1,4M1,31.5
28,4b,M,4,1,4M1,31.5
28,4b,M,4,1,4M1,36
28,4b,M,4,1,4M1,36
28,4b,M,4,1,4M1,36
28,4b,M,4,1,4M1,38.5
28,4b,M,4,1,4M1,38.5
28,4b,M,4,1,4M1,41
28,4b,M,4,1,4M1,41
28,4b,M,4,1,4M1,41
28,4b,M,4,1,4M1,41
28,4b,M,4,1,4M1,43
28,4b,M,4,1,4M1,43
28,4b,M,4,1,4M1,43
28,4b,M,4,1,4M1,45.5
28,4b,M,4,1,4M1,45.5
28,4b,M,4,1,4M1,45.5
28,4b,M,4,1,4M1,48
28,4b,M,4,1,4M1,50
28,4b,M,4,1,4M1,50
28,4b,M,4,1,4M1,50
28,4b,M,4,1,4M1,52.5
28,4b,M,4,1,4M1,52.5
28,4b,M,4,1,4M1,52.5
28,4b,M,4,1,4M1,52.5
28,4b,M,4,1,4M1,52.5
28,4b,M,4,1,4M1,52.5
28,4b,M,4,1,4M1,55
28,4b,M,4,1,4M1,55
28,4b,M,4,1,4M1,55
28,4b,M,4,1,4M1,57
28,4b,M,4,1,4M1,59.5
28,4b,M,4,1,4M1,59.5
28,4b,M,4,1,4M1,62
28,4b,M,4,1,4M1,62
28,4b,M,4,1,4M1,62
28,4b,M,4,1,4M1,64
28,4b,M,4,1,4M1,66.5
28,4b,M,4,1,4M1,66.5
28,4b,M,4,1,4M1,66.5
29,4b,M,4,1,4M1,8
29,4b,M,4,1,4M1,8
29,4b,M,4,1,4M1,10.5
29,4b,M,4,1,4M1,29
29,4b,M,4,1,4M1,31.5
29,4b,M,4,1,4M1,36
29,4b,M,4,1,4M1,36
29,4b,M,4,1,4M1,36
29,4b,M,4,1,4M1,38.5
29,4b,M,4,1,4M1,38.5
29,4b,M,4,1,4M1,38.5
29,4b,M,4,1,4M1,38.5
29,4b,M,4,1,4M1,41
29,4b,M,4,1,4M1,41
29,4b,M,4,1,4M1,45.5
29,4b,M,4,1,4M1,45.5
29,4b,M,4,1,4M1,45.5
29,4b,M,4,1,4M1,45.5
29,4b,M,4,1,4M1,45.5
29,4b,M,4,1,4M1,48
29,4b,M,4,1,4M1,48
29,4b,M,4,1,4M1,50
29,4b,M,4,1,4M1,50
29,4b,M,4,1,4M1,50
29,4b,M,4,1,4M1,50
29,4b,M,4,1,4M1,52.5
29,4b,M,4,1,4M1,52.5
29,4b,M,4,1,4M1,52.5
29,4b,M,4,1,4M1,52.5
29,4b,M,4,1,4M1,52.5
29,4b,M,4,1,4M1,52.5
29,4b,M,4,1,4M1,52.5
29,4b,M,4,1,4M1,57
29,4b,M,4,1,4M1,57
29,4b,M,4,1,4M1,57
29,4b,M,4,1,4M1,57
29,4b,M,4,1,4M1,57
29,4b,M,4,1,4M1,57
29,4b,M,4,1,4M1,57
29,4b,M,4,1,4M1,62
30,4b,M,4,1,4M1,8
30,4b,M,4,1,4M1,8
30,4b,M,4,1,4M1,31.5
30,4b,M,4,1,4M1,36
30,4b,M,4,1,4M1,36
30,4b,M,4,1,4M1,38.5
30,4b,M,4,1,4M1,38.5
30,4b,M,4,1,4M1,38.5
30,4b,M,4,1,4M1,41
30,4b,M,4,1,4M1,43
30,4b,M,4,1,4M1,45.5
30,4b,M,4,1,4M1,45.5
30,4b,M,4,1,4M1,45.5
30,4b,M,4,1,4M1,45.5
30,4b,M,4,1,4M1,45.5
30,4b,M,4,1,4M1,45.5
30,4b,M,4,1,4M1,45.5
30,4b,M,4,1,4M1,45.5
30,4b,M,4,1,4M1,45.5
30,4b,M,4,1,4M1,45.5
30,4b,M,4,1,4M1,45.5
30,4b,M,4,1,4M1,45.5
30,4b,M,4,1,4M1,45.5
30,4b,M,4,1,4M1,45.5
30,4b,M,4,1,4M1,45.5
30,4b,M,4,1,4M1,45.5
30,4b,M,4,1,4M1,48
30,4b,M,4,1,4M1,48
30,4b,M,4,1,4M1,48
30,4b,M,4,1,4M1,50
30,4b,M,4,1,4M1,52.5
30,4b,M,4,1,4M1,52.5
30,4b,M,4,1,4M1,52.5
30,4b,M,4,1,4M1,57
30,4b,M,4,1,4M1,57
30,4b,M,4,1,4M1,59.5
30,4b,M,4,1,4M1,59.5
30,4b,M,4,1,4M1,59.5
30,4b,M,4,1,4M1,59.5
30,4b,M,4,1,4M1,62
52,4b,M,4,3,4M3,10.5
52,4b,M,4,3,4M3,24.5
52,4b,M,4,3,4M3,31.5
52,4b,M,4,3,4M3,31.5
52,4b,M,4,3,4M3,34
52,4b,M,4,3,4M3,36
52,4b,M,4,3,4M3,36
52,4b,M,4,3,4M3,36
52,4b,M,4,3,4M3,36
52,4b,M,4,3,4M3,36
52,4b,M,4,3,4M3,36
52,4b,M,4,3,4M3,36
52,4b,M,4,3,4M3,38.5
52,4b,M,4,3,4M3,38.5
52,4b,M,4,3,4M3,38.5
52,4b,M,4,3,4M3,38.5
52,4b,M,4,3,4M3,38.5
52,4b,M,4,3,4M3,41
52,4b,M,4,3,4M3,41
52,4b,M,4,3,4M3,43
52,4b,M,4,3,4M3,45.5
52,4b,M,4,3,4M3,45.5
52,4b,M,4,3,4M3,45.5
52,4b,M,4,3,4M3,45.5
52,4b,M,4,3,4M3,45.5
52,4b,M,4,3,4M3,45.5
52,4b,M,4,3,4M3,45.5
52,4b,M,4,3,4M3,48
52,4b,M,4,3,4M3,48
52,4b,M,4,3,4M3,48
52,4b,M,4,3,4M3,48
52,4b,M,4,3,4M3,48
52,4b,M,4,3,4M3,48
52,4b,M,4,3,4M3,48
52,4b,M,4,3,4M3,48
52,4b,M,4,3,4M3,48
52,4b,M,4,3,4M3,48
52,4b,M,4,3,4M3,48
52,4b,M,4,3,4M3,52.5
52,4b,M,4,3,4M3,52.5
53,4b,M,4,3,4M3,8
53,4b,M,4,3,4M3,8
53,4b,M,4,3,4M3,24.5
53,4b,M,4,3,4M3,24.5
53,4b,M,4,3,4M3,29
53,4b,M,4,3,4M3,31.5
53,4b,M,4,3,4M3,31.5
53,4b,M,4,3,4M3,31.5
53,4b,M,4,3,4M3,34
53,4b,M,4,3,4M3,34
53,4b,M,4,3,4M3,36
53,4b,M,4,3,4M3,36
53,4b,M,4,3,4M3,36
53,4b,M,4,3,4M3,36
53,4b,M,4,3,4M3,36
53,4b,M,4,3,4M3,36
53,4b,M,4,3,4M3,36
53,4b,M,4,3,4M3,36
53,4b,M,4,3,4M3,38.5
53,4b,M,4,3,4M3,38.5
53,4b,M,4,3,4M3,38.5
53,4b,M,4,3,4M3,38.5
53,4b,M,4,3,4M3,41
53,4b,M,4,3,4M3,41
53,4b,M,4,3,4M3,43
53,4b,M,4,3,4M3,43
53,4b,M,4,3,4M3,45.5
53,4b,M,4,3,4M3,45.5
53,4b,M,4,3,4M3,45.5
53,4b,M,4,3,4M3,48
53,4b,M,4,3,4M3,48
53,4b,M,4,3,4M3,48
53,4b,M,4,3,4M3,48
53,4b,M,4,3,4M3,48
53,4b,M,4,3,4M3,48
53,4b,M,4,3,4M3,48
53,4b,M,4,3,4M3,50
53,4b,M,4,3,4M3,52.5
53,4b,M,4,3,4M3,52.5
53,4b,M,4,3,4M3,57
54,4b,M,4,3,4M3,8
54,4b,M,4,3,4M3,10.5
54,4b,M,4,3,4M3,20
54,4b,M,4,3,4M3,22
54,4b,M,4,3,4M3,24.5
54,4b,M,4,3,4M3,31.5
54,4b,M,4,3,4M3,34
54,4b,M,4,3,4M3,34
54,4b,M,4,3,4M3,34
54,4b,M,4,3,4M3,34
54,4b,M,4,3,4M3,34
54,4b,M,4,3,4M3,36
54,4b,M,4,3,4M3,36
54,4b,M,4,3,4M3,36
54,4b,M,4,3,4M3,36
54,4b,M,4,3,4M3,36
54,4b,M,4,3,4M3,38.5
54,4b,M,4,3,4M3,38.5
54,4b,M,4,3,4M3,38.5
54,4b,M,4,3,4M3,38.5
54,4b,M,4,3,4M3,38.5
54,4b,M,4,3,4M3,38.5
54,4b,M,4,3,4M3,38.5
54,4b,M,4,3,4M3,38.5
54,4b,M,4,3,4M3,38.5
54,4b,M,4,3,4M3,41
54,4b,M,4,3,4M3,41
54,4b,M,4,3,4M3,41
54,4b,M,4,3,4M3,41
54,4b,M,4,3,4M3,43
54,4b,M,4,3,4M3,43
54,4b,M,4,3,4M3,45.5
54,4b,M,4,3,4M3,45.5
54,4b,M,4,3,4M3,45.5
54,4b,M,4,3,4M3,45.5
54,4b,M,4,3,4M3,45.5
54,4b,M,4,3,4M3,48
54,4b,M,4,3,4M3,50
54,4b,M,4,3,4M3,52.5
54,4b,M,4,3,4M3,52.5
4,4b,M,4,4,4M4,36
4,4b,M,4,4,4M4,38.5
4,4b,M,4,4,4M4,38.5
4,4b,M,4,4,4M4,38.5
4,4b,M,4,4,4M4,41
4,4b,M,4,4,4M4,41
4,4b,M,4,4,4M4,41
4,4b,M,4,4,4M4,43
4,4b,M,4,4,4M4,43
4,4b,M,4,4,4M4,45.5
4,4b,M,4,4,4M4,45.5
4,4b,M,4,4,4M4,48
4,4b,M,4,4,4M4,48
4,4b,M,4,4,4M4,48
4,4b,M,4,4,4M4,48
4,4b,M,4,4,4M4,50
4,4b,M,4,4,4M4,50
4,4b,M,4,4,4M4,50
4,4b,M,4,4,4M4,50
4,4b,M,4,4,4M4,50
4,4b,M,4,4,4M4,52.5
4,4b,M,4,4,4M4,52.5
4,4b,M,4,4,4M4,52.5
4,4b,M,4,4,4M4,52.5
4,4b,M,4,4,4M4,52.5
4,4b,M,4,4,4M4,57
4,4b,M,4,4,4M4,57
4,4b,M,4,4,4M4,57
4,4b,M,4,4,4M4,57
4,4b,M,4,4,4M4,57
4,4b,M,4,4,4M4,57
4,4b,M,4,4,4M4,59.5
4,4b,M,4,4,4M4,59.5
4,4b,M,4,4,4M4,59.5
4,4b,M,4,4,4M4,59.5
4,4b,M,4,4,4M4,59.5
4,4b,M,4,4,4M4,62
4,4b,M,4,4,4M4,64
4,4b,M,4,4,4M4,66.5
4,4b,M,4,4,4M4,78
5,4b,M,4,4,4M4,10.5
5,4b,M,4,4,4M4,10.5
5,4b,M,4,4,4M4,31.5
5,4b,M,4,4,4M4,34
5,4b,M,4,4,4M4,36
5,4b,M,4,4,4M4,36
5,4b,M,4,4,4M4,38.5
5,4b,M,4,4,4M4,38.5
5,4b,M,4,4,4M4,38.5
5,4b,M,4,4,4M4,41
5,4b,M,4,4,4M4,41
5,4b,M,4,4,4M4,41
5,4b,M,4,4,4M4,43
5,4b,M,4,4,4M4,45.5
5,4b,M,4,4,4M4,45.5
5,4b,M,4,4,4M4,45.5
5,4b,M,4,4,4M4,45.5
5,4b,M,4,4,4M4,45.5
5,4b,M,4,4,4M4,45.5
5,4b,M,4,4,4M4,48
5,4b,M,4,4,4M4,48
5,4b,M,4,4,4M4,48
5,4b,M,4,4,4M4,50
5,4b,M,4,4,4M4,50
5,4b,M,4,4,4M4,50
5,4b,M,4,4,4M4,50
5,4b,M,4,4,4M4,50
5,4b,M,4,4,4M4,52.5
5,4b,M,4,4,4M4,52.5
5,4b,M,4,4,4M4,52.5
5,4b,M,4,4,4M4,55
5,4b,M,4,4,4M4,55
5,4b,M,4,4,4M4,57
5,4b,M,4,4,4M4,59.5
5,4b,M,4,4,4M4,59.5
5,4b,M,4,4,4M4,64
5,4b,M,4,4,4M4,64
5,4b,M,4,4,4M4,66.5
5,4b,M,4,4,4M4,69
5,4b,M,4,4,4M4,73.5
6,4b,M,4,4,4M4,29
6,4b,M,4,4,4M4,31.5
6,4b,M,4,4,4M4,36
6,4b,M,4,4,4M4,36
6,4b,M,4,4,4M4,38.5
6,4b,M,4,4,4M4,38.5
6,4b,M,4,4,4M4,43
6,4b,M,4,4,4M4,45.5
6,4b,M,4,4,4M4,45.5
6,4b,M,4,4,4M4,45.5
6,4b,M,4,4,4M4,45.5
6,4b,M,4,4,4M4,45.5
6,4b,M,4,4,4M4,45.5
6,4b,M,4,4,4M4,48
6,4b,M,4,4,4M4,48
6,4b,M,4,4,4M4,48
6,4b,M,4,4,4M4,48
6,4b,M,4,4,4M4,48
6,4b,M,4,4,4M4,50
6,4b,M,4,4,4M4,50
6,4b,M,4,4,4M4,50
6,4b,M,4,4,4M4,50
6,4b,M,4,4,4M4,52.5
6,4b,M,4,4,4M4,52.5
6,4b,M,4,4,4M4,52.5
6,4b,M,4,4,4M4,52.5
6,4b,M,4,4,4M4,52.5
6,4b,M,4,4,4M4,55
6,4b,M,4,4,4M4,55
6,4b,M,4,4,4M4,57
6,4b,M,4,4,4M4,57
6,4b,M,4,4,4M4,57
6,4b,M,4,4,4M4,59.5
6,4b,M,4,4,4M4,62
6,4b,M,4,4,4M4,64
6,4b,M,4,4,4M4,64
6,4b,M,4,4,4M4,66.5
6,4b,M,4,4,4M4,66.5
6,4b,M,4,4,4M4,69
6,4b,M,4,4,4M4,78
31,4c,M,4,1,4M1,10.5
31,4c,M,4,1,4M1,31.5
31,4c,M,4,1,4M1,34
31,4c,M,4,1,4M1,38.5
31,4c,M,4,1,4M1,38.5
31,4c,M,4,1,4M1,38.5
31,4c,M,4,1,4M1,43
31,4c,M,4,1,4M1,43
31,4c,M,4,1,4M1,45.5
31,4c,M,4,1,4M1,45.5
31,4c,M,4,1,4M1,45.5
31,4c,M,4,1,4M1,45.5
31,4c,M,4,1,4M1,48
31,4c,M,4,1,4M1,50
31,4c,M,4,1,4M1,50
31,4c,M,4,1,4M1,50
31,4c,M,4,1,4M1,50
31,4c,M,4,1,4M1,50
31,4c,M,4,1,4M1,50
31,4c,M,4,1,4M1,52.5
31,4c,M,4,1,4M1,52.5
31,4c,M,4,1,4M1,52.5
31,4c,M,4,1,4M1,52.5
31,4c,M,4,1,4M1,52.5
31,4c,M,4,1,4M1,52.5
31,4c,M,4,1,4M1,52.5
31,4c,M,4,1,4M1,52.5
31,4c,M,4,1,4M1,52.5
31,4c,M,4,1,4M1,52.5
31,4c,M,4,1,4M1,52.5
31,4c,M,4,1,4M1,52.5
31,4c,M,4,1,4M1,55
31,4c,M,4,1,4M1,55
31,4c,M,4,1,4M1,62
31,4c,M,4,1,4M1,62
31,4c,M,4,1,4M1,62
31,4c,M,4,1,4M1,66.5
31,4c,M,4,1,4M1,78
31,4c,M,4,1,4M1,90
32,4c,M,4,1,4M1,1
32,4c,M,4,1,4M1,27
32,4c,M,4,1,4M1,34
32,4c,M,4,1,4M1,36
32,4c,M,4,1,4M1,36
32,4c,M,4,1,4M1,38.5
32,4c,M,4,1,4M1,38.5
32,4c,M,4,1,4M1,38.5
32,4c,M,4,1,4M1,41
32,4c,M,4,1,4M1,41
32,4c,M,4,1,4M1,45.5
32,4c,M,4,1,4M1,45.5
32,4c,M,4,1,4M1,45.5
32,4c,M,4,1,4M1,45.5
32,4c,M,4,1,4M1,45.5
32,4c,M,4,1,4M1,45.5
32,4c,M,4,1,4M1,45.5
32,4c,M,4,1,4M1,45.5
32,4c,M,4,1,4M1,45.5
32,4c,M,4,1,4M1,45.5
32,4c,M,4,1,4M1,48
32,4c,M,4,1,4M1,48
32,4c,M,4,1,4M1,50
32,4c,M,4,1,4M1,50
32,4c,M,4,1,4M1,52.5
32,4c,M,4,1,4M1,52.5
32,4c,M,4,1,4M1,52.5
32,4c,M,4,1,4M1,55
32,4c,M,4,1,4M1,55
32,4c,M,4,1,4M1,55
32,4c,M,4,1,4M1,55
32,4c,M,4,1,4M1,57
32,4c,M,4,1,4M1,57
32,4c,M,4,1,4M1,59.5
32,4c,M,4,1,4M1,62
32,4c,M,4,1,4M1,66.5
32,4c,M,4,1,4M1,71
32,4c,M,4,1,4M1,73.5
32,4c,M,4,1,4M1,78
32,4c,M,4,1,4M1,80.5
33,4c,M,4,1,4M1,8
33,4c,M,4,1,4M1,17.5
33,4c,M,4,1,4M1,36
33,4c,M,4,1,4M1,36
33,4c,M,4,1,4M1,38.5
33,4c,M,4,1,4M1,38.5
33,4c,M,4,1,4M1,41
33,4c,M,4,1,4M1,41
33,4c,M,4,1,4M1,43
33,4c,M,4,1,4M1,43
33,4c,M,4,1,4M1,45.5
33,4c,M,4,1,4M1,45.5
33,4c,M,4,1,4M1,45.5
33,4c,M,4,1,4M1,45.5
33,4c,M,4,1,4M1,48
33,4c,M,4,1,4M1,48
33,4c,M,4,1,4M1,48
33,4c,M,4,1,4M1,48
33,4c,M,4,1,4M1,48
33,4c,M,4,1,4M1,50
33,4c,M,4,1,4M1,50
33,4c,M,4,1,4M1,50
33,4c,M,4,1,4M1,52.5
33,4c,M,4,1,4M1,52.5
33,4c,M,4,1,4M1,52.5
33,4c,M,4,1,4M1,52.5
33,4c,M,4,1,4M1,52.5
33,4c,M,4,1,4M1,52.5
33,4c,M,4,1,4M1,52.5
33,4c,M,4,1,4M1,52.5
33,4c,M,4,1,4M1,59.5
33,4c,M,4,1,4M1,59.5
33,4c,M,4,1,4M1,59.5
33,4c,M,4,1,4M1,59.5
33,4c,M,4,1,4M1,59.5
33,4c,M,4,1,4M1,62
33,4c,M,4,1,4M1,64
33,4c,M,4,1,4M1,66.5
33,4c,M,4,1,4M1,66.5
33,4c,M,4,1,4M1,69
55,4c,M,4,3,4M3,17.5
55,4c,M,4,3,4M3,17.5
55,4c,M,4,3,4M3,27
55,4c,M,4,3,4M3,31.5
55,4c,M,4,3,4M3,36
55,4c,M,4,3,4M3,36
55,4c,M,4,3,4M3,38.5
55,4c,M,4,3,4M3,38.5
55,4c,M,4,3,4M3,41
55,4c,M,4,3,4M3,43
55,4c,M,4,3,4M3,43
55,4c,M,4,3,4M3,45.5
55,4c,M,4,3,4M3,45.5
55,4c,M,4,3,4M3,45.5
55,4c,M,4,3,4M3,45.5
55,4c,M,4,3,4M3,45.5
55,4c,M,4,3,4M3,45.5
55,4c,M,4,3,4M3,45.5
55,4c,M,4,3,4M3,45.5
55,4c,M,4,3,4M3,45.5
55,4c,M,4,3,4M3,45.5
55,4c,M,4,3,4M3,45.5
55,4c,M,4,3,4M3,48
55,4c,M,4,3,4M3,48
55,4c,M,4,3,4M3,48
55,4c,M,4,3,4M3,48
55,4c,M,4,3,4M3,48
55,4c,M,4,3,4M3,48
55,4c,M,4,3,4M3,48
55,4c,M,4,3,4M3,50
55,4c,M,4,3,4M3,50
55,4c,M,4,3,4M3,50
55,4c,M,4,3,4M3,50
55,4c,M,4,3,4M3,50
55,4c,M,4,3,4M3,50
55,4c,M,4,3,4M3,50
55,4c,M,4,3,4M3,52.5
55,4c,M,4,3,4M3,52.5
55,4c,M,4,3,4M3,52.5
55,4c,M,4,3,4M3,52.5
56,4c,M,4,3,4M3,13
56,4c,M,4,3,4M3,15
56,4c,M,4,3,4M3,27
56,4c,M,4,3,4M3,31.5
56,4c,M,4,3,4M3,34
56,4c,M,4,3,4M3,34
56,4c,M,4,3,4M3,36
56,4c,M,4,3,4M3,36
56,4c,M,4,3,4M3,36
56,4c,M,4,3,4M3,38.5
56,4c,M,4,3,4M3,41
56,4c,M,4,3,4M3,41
56,4c,M,4,3,4M3,41
56,4c,M,4,3,4M3,41
56,4c,M,4,3,4M3,43
56,4c,M,4,3,4M3,43
56,4c,M,4,3,4M3,43
56,4c,M,4,3,4M3,45.5
56,4c,M,4,3,4M3,45.5
56,4c,M,4,3,4M3,45.5
56,4c,M,4,3,4M3,45.5
56,4c,M,4,3,4M3,45.5
56,4c,M,4,3,4M3,45.5
56,4c,M,4,3,4M3,45.5
56,4c,M,4,3,4M3,48
56,4c,M,4,3,4M3,50
56,4c,M,4,3,4M3,50
56,4c,M,4,3,4M3,50
56,4c,M,4,3,4M3,50
56,4c,M,4,3,4M3,50
56,4c,M,4,3,4M3,50
56,4c,M,4,3,4M3,50
56,4c,M,4,3,4M3,52.5
56,4c,M,4,3,4M3,52.5
56,4c,M,4,3,4M3,52.5
56,4c,M,4,3,4M3,52.5
56,4c,M,4,3,4M3,52.5
56,4c,M,4,3,4M3,52.5
56,4c,M,4,3,4M3,62
56,4c,M,4,3,4M3,66.5
57,4c,M,4,3,4M3,24.5
57,4c,M,4,3,4M3,27
57,4c,M,4,3,4M3,31.5
57,4c,M,4,3,4M3,31.5
57,4c,M,4,3,4M3,34
57,4c,M,4,3,4M3,34
57,4c,M,4,3,4M3,36
57,4c,M,4,3,4M3,38.5
57,4c,M,4,3,4M3,41
57,4c,M,4,3,4M3,45.5
57,4c,M,4,3,4M3,45.5
57,4c,M,4,3,4M3,45.5
57,4c,M,4,3,4M3,45.5
57,4c,M,4,3,4M3,45.5
57,4c,M,4,3,4M3,48
57,4c,M,4,3,4M3,48
57,4c,M,4,3,4M3,48
57,4c,M,4,3,4M3,48
57,4c,M,4,3,4M3,48
57,4c,M,4,3,4M3,48
57,4c,M,4,3,4M3,48
57,4c,M,4,3,4M3,48
57,4c,M,4,3,4M3,48
57,4c,M,4,3,4M3,48
57,4c,M,4,3,4M3,48
57,4c,M,4,3,4M3,48
57,4c,M,4,3,4M3,50
57,4c,M,4,3,4M3,50
57,4c,M,4,3,4M3,50
57,4c,M,4,3,4M3,50
57,4c,M,4,3,4M3,50
57,4c,M,4,3,4M3,52.5
57,4c,M,4,3,4M3,52.5
57,4c,M,4,3,4M3,52.5
57,4c,M,4,3,4M3,52.5
57,4c,M,4,3,4M3,52.5
57,4c,M,4,3,4M3,52.5
57,4c,M,4,3,4M3,52.5
57,4c,M,4,3,4M3,52.5
57,4c,M,4,3,4M3,52.5
7,4c,M,4,4,4M4,24.5
7,4c,M,4,4,4M4,36
7,4c,M,4,4,4M4,38.5
7,4c,M,4,4,4M4,43
7,4c,M,4,4,4M4,43
7,4c,M,4,4,4M4,45.5
7,4c,M,4,4,4M4,45.5
7,4c,M,4,4,4M4,45.5
7,4c,M,4,4,4M4,48
7,4c,M,4,4,4M4,48
7,4c,M,4,4,4M4,48
7,4c,M,4,4,4M4,50
7,4c,M,4,4,4M4,50
7,4c,M,4,4,4M4,50
7,4c,M,4,4,4M4,50
7,4c,M,4,4,4M4,50
7,4c,M,4,4,4M4,50
7,4c,M,4,4,4M4,50
7,4c,M,4,4,4M4,50
7,4c,M,4,4,4M4,50
7,4c,M,4,4,4M4,52.5
7,4c,M,4,4,4M4,52.5
7,4c,M,4,4,4M4,52.5
7,4c,M,4,4,4M4,57
7,4c,M,4,4,4M4,59.5
7,4c,M,4,4,4M4,59.5
7,4c,M,4,4,4M4,59.5
7,4c,M,4,4,4M4,59.5
7,4c,M,4,4,4M4,59.5
7,4c,M,4,4,4M4,62
7,4c,M,4,4,4M4,64
7,4c,M,4,4,4M4,64
7,4c,M,4,4,4M4,66.5
7,4c,M,4,4,4M4,66.5
7,4c,M,4,4,4M4,66.5
7,4c,M,4,4,4M4,73.5
7,4c,M,4,4,4M4,73.5
7,4c,M,4,4,4M4,73.5
7,4c,M,4,4,4M4,76
7,4c,M,4,4,4M4,80.5
8,4c,M,4,4,4M4,36
8,4c,M,4,4,4M4,36
8,4c,M,4,4,4M4,36
8,4c,M,4,4,4M4,36
8,4c,M,4,4,4M4,38.5
8,4c,M,4,4,4M4,43
8,4c,M,4,4,4M4,45.5
8,4c,M,4,4,4M4,45.5
8,4c,M,4,4,4M4,45.5
8,4c,M,4,4,4M4,45.5
8,4c,M,4,4,4M4,45.5
8,4c,M,4,4,4M4,48
8,4c,M,4,4,4M4,48
8,4c,M,4,4,4M4,48
8,4c,M,4,4,4M4,50
8,4c,M,4,4,4M4,50
8,4c,M,4,4,4M4,50
8,4c,M,4,4,4M4,52.5
8,4c,M,4,4,4M4,52.5
8,4c,M,4,4,4M4,52.5
8,4c,M,4,4,4M4,52.5
8,4c,M,4,4,4M4,52.5
8,4c,M,4,4,4M4,52.5
8,4c,M,4,4,4M4,55
8,4c,M,4,4,4M4,55
8,4c,M,4,4,4M4,55
8,4c,M,4,4,4M4,57
8,4c,M,4,4,4M4,59.5
8,4c,M,4,4,4M4,59.5
8,4c,M,4,4,4M4,59.5
8,4c,M,4,4,4M4,59.5
8,4c,M,4,4,4M4,62
8,4c,M,4,4,4M4,62
8,4c,M,4,4,4M4,64
8,4c,M,4,4,4M4,66.5
8,4c,M,4,4,4M4,66.5
8,4c,M,4,4,4M4,66.5
8,4c,M,4,4,4M4,71
8,4c,M,4,4,4M4,76
8,4c,M,4,4,4M4,76
9,4c,M,4,4,4M4,8
9,4c,M,4,4,4M4,31.5
9,4c,M,4,4,4M4,38.5
9,4c,M,4,4,4M4,38.5
9,4c,M,4,4,4M4,38.5
9,4c,M,4,4,4M4,41
9,4c,M,4,4,4M4,43
9,4c,M,4,4,4M4,43
9,4c,M,4,4,4M4,43
9,4c,M,4,4,4M4,45.5
9,4c,M,4,4,4M4,45.5
9,4c,M,4,4,4M4,45.5
9,4c,M,4,4,4M4,45.5
9,4c,M,4,4,4M4,45.5
9,4c,M,4,4,4M4,48
9,4c,M,4,4,4M4,48
9,4c,M,4,4,4M4,48
9,4c,M,4,4,4M4,50
9,4c,M,4,4,4M4,50
9,4c,M,4,4,4M4,50
9,4c,M,4,4,4M4,50
9,4c,M,4,4,4M4,52.5
9,4c,M,4,4,4M4,55
9,4c,M,4,4,4M4,55
9,4c,M,4,4,4M4,55
9,4c,M,4,4,4M4,55
9,4c,M,4,4,4M4,59.5
9,4c,M,4,4,4M4,59.5
9,4c,M,4,4,4M4,59.5
9,4c,M,4,4,4M4,59.5
9,4c,M,4,4,4M4,62
9,4c,M,4,4,4M4,62
9,4c,M,4,4,4M4,62
9,4c,M,4,4,4M4,64
9,4c,M,4,4,4M4,64
9,4c,M,4,4,4M4,66.5
9,4c,M,4,4,4M4,66.5
9,4c,M,4,4,4M4,66.5
9,4c,M,4,4,4M4,71
9,4c,M,4,4,4M4,73.5
34,4d,M,4,1,4M1,31.5
34,4d,M,4,1,4M1,34
34,4d,M,4,1,4M1,36
34,4d,M,4,1,4M1,36
34,4d,M,4,1,4M1,38.5
34,4d,M,4,1,4M1,41
34,4d,M,4,1,4M1,43
34,4d,M,4,1,4M1,43
34,4d,M,4,1,4M1,43
34,4d,M,4,1,4M1,45.5
34,4d,M,4,1,4M1,45.5
34,4d,M,4,1,4M1,45.5
34,4d,M,4,1,4M1,45.5
34,4d,M,4,1,4M1,45.5
34,4d,M,4,1,4M1,45.5
34,4d,M,4,1,4M1,45.5
34,4d,M,4,1,4M1,45.5
34,4d,M,4,1,4M1,45.5
34,4d,M,4,1,4M1,45.5
34,4d,M,4,1,4M1,45.5
34,4d,M,4,1,4M1,45.5
34,4d,M,4,1,4M1,45.5
34,4d,M,4,1,4M1,45.5
34,4d,M,4,1,4M1,50
34,4d,M,4,1,4M1,52.5
34,4d,M,4,1,4M1,52.5
34,4d,M,4,1,4M1,52.5
34,4d,M,4,1,4M1,52.5
34,4d,M,4,1,4M1,52.5
34,4d,M,4,1,4M1,55
34,4d,M,4,1,4M1,55
34,4d,M,4,1,4M1,55
34,4d,M,4,1,4M1,55
34,4d,M,4,1,4M1,57
34,4d,M,4,1,4M1,57
34,4d,M,4,1,4M1,59.5
34,4d,M,4,1,4M1,62
34,4d,M,4,1,4M1,62
34,4d,M,4,1,4M1,62
34,4d,M,4,1,4M1,73.5
35,4d,M,4,1,4M1,8
35,4d,M,4,1,4M1,36
35,4d,M,4,1,4M1,38.5
35,4d,M,4,1,4M1,38.5
35,4d,M,4,1,4M1,38.5
35,4d,M,4,1,4M1,38.5
35,4d,M,4,1,4M1,38.5
35,4d,M,4,1,4M1,41
35,4d,M,4,1,4M1,45.5
35,4d,M,4,1,4M1,45.5
35,4d,M,4,1,4M1,45.5
35,4d,M,4,1,4M1,45.5
35,4d,M,4,1,4M1,45.5
35,4d,M,4,1,4M1,45.5
35,4d,M,4,1,4M1,45.5
35,4d,M,4,1,4M1,45.5
35,4d,M,4,1,4M1,45.5
35,4d,M,4,1,4M1,45.5
35,4d,M,4,1,4M1,45.5
35,4d,M,4,1,4M1,45.5
35,4d,M,4,1,4M1,45.5
35,4d,M,4,1,4M1,48
35,4d,M,4,1,4M1,48
35,4d,M,4,1,4M1,48
35,4d,M,4,1,4M1,50
35,4d,M,4,1,4M1,50
35,4d,M,4,1,4M1,52.5
35,4d,M,4,1,4M1,52.5
35,4d,M,4,1,4M1,52.5
35,4d,M,4,1,4M1,52.5
35,4d,M,4,1,4M1,52.5
35,4d,M,4,1,4M1,52.5
35,4d,M,4,1,4M1,52.5
35,4d,M,4,1,4M1,55
35,4d,M,4,1,4M1,55
35,4d,M,4,1,4M1,55
35,4d,M,4,1,4M1,59.5
35,4d,M,4,1,4M1,59.5
35,4d,M,4,1,4M1,59.5
35,4d,M,4,1,4M1,66.5
36,4d,M,4,1,4M1,1
36,4d,M,4,1,4M1,29
36,4d,M,4,1,4M1,31.5
36,4d,M,4,1,4M1,38.5
36,4d,M,4,1,4M1,38.5
36,4d,M,4,1,4M1,41
36,4d,M,4,1,4M1,43
36,4d,M,4,1,4M1,45.5
36,4d,M,4,1,4M1,45.5
36,4d,M,4,1,4M1,45.5
36,4d,M,4,1,4M1,45.5
36,4d,M,4,1,4M1,45.5
36,4d,M,4,1,4M1,45.5
36,4d,M,4,1,4M1,45.5
36,4d,M,4,1,4M1,45.5
36,4d,M,4,1,4M1,45.5
36,4d,M,4,1,4M1,45.5
36,4d,M,4,1,4M1,45.5
36,4d,M,4,1,4M1,48
36,4d,M,4,1,4M1,48
36,4d,M,4,1,4M1,50
36,4d,M,4,1,4M1,50
36,4d,M,4,1,4M1,50
36,4d,M,4,1,4M1,52.5
36,4d,M,4,1,4M1,52.5
36,4d,M,4,1,4M1,52.5
36,4d,M,4,1,4M1,52.5
36,4d,M,4,1,4M1,52.5
36,4d,M,4,1,4M1,55
36,4d,M,4,1,4M1,55
36,4d,M,4,1,4M1,55
36,4d,M,4,1,4M1,55
36,4d,M,4,1,4M1,55
36,4d,M,4,1,4M1,59.5
36,4d,M,4,1,4M1,62
36,4d,M,4,1,4M1,64
36,4d,M,4,1,4M1,66.5
36,4d,M,4,1,4M1,66.5
36,4d,M,4,1,4M1,73.5
36,4d,M,4,1,4M1,76
58,4d,M,4,3,4M3,8
58,4d,M,4,3,4M3,15
58,4d,M,4,3,4M3,29
58,4d,M,4,3,4M3,29
58,4d,M,4,3,4M3,31.5
58,4d,M,4,3,4M3,31.5
58,4d,M,4,3,4M3,31.5
58,4d,M,4,3,4M3,31.5
58,4d,M,4,3,4M3,34
58,4d,M,4,3,4M3,36
58,4d,M,4,3,4M3,36
58,4d,M,4,3,4M3,36
58,4d,M,4,3,4M3,38.5
58,4d,M,4,3,4M3,38.5
58,4d,M,4,3,4M3,38.5
58,4d,M,4,3,4M3,38.5
58,4d,M,4,3,4M3,41
58,4d,M,4,3,4M3,43
58,4d,M,4,3,4M3,45.5
58,4d,M,4,3,4M3,45.5
58,4d,M,4,3,4M3,45.5
58,4d,M,4,3,4M3,45.5
58,4d,M,4,3,4M3,45.5
58,4d,M,4,3,4M3,45.5
58,4d,M,4,3,4M3,45.5
58,4d,M,4,3,4M3,48
58,4d,M,4,3,4M3,48
58,4d,M,4,3,4M3,48
58,4d,M,4,3,4M3,48
58,4d,M,4,3,4M3,48
58,4d,M,4,3,4M3,48
58,4d,M,4,3,4M3,50
58,4d,M,4,3,4M3,50
58,4d,M,4,3,4M3,52.5
58,4d,M,4,3,4M3,52.5
58,4d,M,4,3,4M3,52.5
58,4d,M,4,3,4M3,52.5
58,4d,M,4,3,4M3,52.5
58,4d,M,4,3,4M3,59.5
58,4d,M,4,3,4M3,64
59,4d,M,4,3,4M3,8
59,4d,M,4,3,4M3,27
59,4d,M,4,3,4M3,29
59,4d,M,4,3,4M3,29
59,4d,M,4,3,4M3,29
59,4d,M,4,3,4M3,29
59,4d,M,4,3,4M3,31.5
59,4d,M,4,3,4M3,31.5
59,4d,M,4,3,4M3,31.5
59,4d,M,4,3,4M3,31.5
59,4d,M,4,3,4M3,34
59,4d,M,4,3,4M3,36
59,4d,M,4,3,4M3,36
59,4d,M,4,3,4M3,36
59,4d,M,4,3,4M3,36
59,4d,M,4,3,4M3,36
59,4d,M,4,3,4M3,36
59,4d,M,4,3,4M3,36
59,4d,M,4,3,4M3,36
59,4d,M,4,3,4M3,38.5
59,4d,M,4,3,4M3,38.5
59,4d,M,4,3,4M3,38.5
59,4d,M,4,3,4M3,38.5
59,4d,M,4,3,4M3,38.5
59,4d,M,4,3,4M3,38.5
59,4d,M,4,3,4M3,43
59,4d,M,4,3,4M3,45.5
59,4d,M,4,3,4M3,45.5
59,4d,M,4,3,4M3,45.5
59,4d,M,4,3,4M3,45.5
59,4d,M,4,3,4M3,45.5
59,4d,M,4,3,4M3,45.5
59,4d,M,4,3,4M3,45.5
59,4d,M,4,3,4M3,45.5
59,4d,M,4,3,4M3,48
59,4d,M,4,3,4M3,48
59,4d,M,4,3,4M3,48
59,4d,M,4,3,4M3,48
59,4d,M,4,3,4M3,59.5
59,4d,M,4,3,4M3,59.5
60,4d,M,4,3,4M3,13
60,4d,M,4,3,4M3,29
60,4d,M,4,3,4M3,31.5
60,4d,M,4,3,4M3,31.5
60,4d,M,4,3,4M3,31.5
60,4d,M,4,3,4M3,31.5
60,4d,M,4,3,4M3,34
60,4d,M,4,3,4M3,34
60,4d,M,4,3,4M3,36
60,4d,M,4,3,4M3,36
60,4d,M,4,3,4M3,36
60,4d,M,4,3,4M3,36
60,4d,M,4,3,4M3,36
60,4d,M,4,3,4M3,36
60,4d,M,4,3,4M3,38.5
60,4d,M,4,3,4M3,41
60,4d,M,4,3,4M3,41
60,4d,M,4,3,4M3,41
60,4d,M,4,3,4M3,41
60,4d,M,4,3,4M3,43
60,4d,M,4,3,4M3,43
60,4d,M,4,3,4M3,43
60,4d,M,4,3,4M3,43
60,4d,M,4,3,4M3,43
60,4d,M,4,3,4M3,45.5
60,4d,M,4,3,4M3,45.5
60,4d,M,4,3,4M3,45.5
60,4d,M,4,3,4M3,45.5
60,4d,M,4,3,4M3,45.5
60,4d,M,4,3,4M3,45.5
60,4d,M,4,3,4M3,45.5
60,4d,M,4,3,4M3,45.5
60,4d,M,4,3,4M3,45.5
60,4d,M,4,3,4M3,48
60,4d,M,4,3,4M3,48
60,4d,M,4,3,4M3,48
60,4d,M,4,3,4M3,48
60,4d,M,4,3,4M3,48
60,4d,M,4,3,4M3,52.5
60,4d,M,4,3,4M3,66.5
10,4d,M,4,4,4M4,24.5
10,4d,M,4,4,4M4,27
10,4d,M,4,4,4M4,27
10,4d,M,4,4,4M4,29
10,4d,M,4,4,4M4,36
10,4d,M,4,4,4M4,41
10,4d,M,4,4,4M4,41
10,4d,M,4,4,4M4,41
10,4d,M,4,4,4M4,45.5
10,4d,M,4,4,4M4,45.5
10,4d,M,4,4,4M4,48
10,4d,M,4,4,4M4,48
10,4d,M,4,4,4M4,50
10,4d,M,4,4,4M4,50
10,4d,M,4,4,4M4,50
10,4d,M,4,4,4M4,50
10,4d,M,4,4,4M4,50
10,4d,M,4,4,4M4,50
10,4d,M,4,4,4M4,52.5
10,4d,M,4,4,4M4,52.5
10,4d,M,4,4,4M4,52.5
10,4d,M,4,4,4M4,52.5
10,4d,M,4,4,4M4,52.5
10,4d,M,4,4,4M4,52.5
10,4d,M,4,4,4M4,52.5
10,4d,M,4,4,4M4,55
10,4d,M,4,4,4M4,55
10,4d,M,4,4,4M4,57
10,4d,M,4,4,4M4,57
10,4d,M,4,4,4M4,57
10,4d,M,4,4,4M4,59.5
10,4d,M,4,4,4M4,59.5
10,4d,M,4,4,4M4,59.5
10,4d,M,4,4,4M4,59.5
10,4d,M,4,4,4M4,62
10,4d,M,4,4,4M4,62
10,4d,M,4,4,4M4,62
10,4d,M,4,4,4M4,64
10,4d,M,4,4,4M4,64
10,4d,M,4,4,4M4,66.5
11,4d,M,4,4,4M4,27
11,4d,M,4,4,4M4,36
11,4d,M,4,4,4M4,38.5
11,4d,M,4,4,4M4,41
11,4d,M,4,4,4M4,41
11,4d,M,4,4,4M4,41
11,4d,M,4,4,4M4,41
11,4d,M,4,4,4M4,45.5
11,4d,M,4,4,4M4,45.5
11,4d,M,4,4,4M4,45.5
11,4d,M,4,4,4M4,45.5
11,4d,M,4,4,4M4,48
11,4d,M,4,4,4M4,48
11,4d,M,4,4,4M4,48
11,4d,M,4,4,4M4,48
11,4d,M,4,4,4M4,50
11,4d,M,4,4,4M4,50
11,4d,M,4,4,4M4,50
11,4d,M,4,4,4M4,52.5
11,4d,M,4,4,4M4,52.5
11,4d,M,4,4,4M4,52.5
11,4d,M,4,4,4M4,52.5
11,4d,M,4,4,4M4,52.5
11,4d,M,4,4,4M4,55
11,4d,M,4,4,4M4,55
11,4d,M,4,4,4M4,55
11,4d,M,4,4,4M4,55
11,4d,M,4,4,4M4,55
11,4d,M,4,4,4M4,57
11,4d,M,4,4,4M4,57
11,4d,M,4,4,4M4,57
11,4d,M,4,4,4M4,57
11,4d,M,4,4,4M4,59.5
11,4d,M,4,4,4M4,59.5
11,4d,M,4,4,4M4,62
11,4d,M,4,4,4M4,62
11,4d,M,4,4,4M4,66.5
11,4d,M,4,4,4M4,66.5
11,4d,M,4,4,4M4,66.5
11,4d,M,4,4,4M4,73.5
12,4d,M,4,4,4M4,17.5
12,4d,M,4,4,4M4,36
12,4d,M,4,4,4M4,38.5
12,4d,M,4,4,4M4,41
12,4d,M,4,4,4M4,41
12,4d,M,4,4,4M4,41
12,4d,M,4,4,4M4,41
12,4d,M,4,4,4M4,41
12,4d,M,4,4,4M4,41
12,4d,M,4,4,4M4,43
12,4d,M,4,4,4M4,43
12,4d,M,4,4,4M4,45.5
12,4d,M,4,4,4M4,45.5
12,4d,M,4,4,4M4,45.5
12,4d,M,4,4,4M4,48
12,4d,M,4,4,4M4,48
12,4d,M,4,4,4M4,48
12,4d,M,4,4,4M4,50
12,4d,M,4,4,4M4,50
12,4d,M,4,4,4M4,50
12,4d,M,4,4,4M4,50
12,4d,M,4,4,4M4,50
12,4d,M,4,4,4M4,50
12,4d,M,4,4,4M4,52.5
12,4d,M,4,4,4M4,52.5
12,4d,M,4,4,4M4,52.5
12,4d,M,4,4,4M4,52.5
12,4d,M,4,4,4M4,52.5
12,4d,M,4,4,4M4,52.5
12,4d,M,4,4,4M4,52.5
12,4d,M,4,4,4M4,55
12,4d,M,4,4,4M4,59.5
12,4d,M,4,4,4M4,59.5
12,4d,M,4,4,4M4,62
12,4d,M,4,4,4M4,64
12,4d,M,4,4,4M4,66.5
12,4d,M,4,4,4M4,66.5
12,4d,M,4,4,4M4,66.5
12,4d,M,4,4,4M4,76
12,4d,M,4,4,4M4,83
